STA,Date,Precip,WindGustSpd,MaxTemp,MinTemp,MeanTemp,Snowfall,PoorWeather,YR,MO,DA,PRCP,DR,SPD,MAX,MIN,MEA,SNF,SND,FT,FB,FTI,ITH,PGT,TSHDSBRSGF,SD3,RHX,RHN,RVG,WTE
10001,1942-7-1,1.016,,25.55555556,22.22222222,23.88888889,0,,42,7,1,0.04,,,78,72,75,0,,,,,,,,,,,,
10001,1942-7-2,0,,28.88888889,21.66666667,25.55555556,0,,42,7,2,0,,,84,71,78,0,,,,,,,,,,,,
10001,1942-7-3,2.54,,26.11111111,22.22222222,24.44444444,0,,42,7,3,0.1,,,79,72,76,0,,,,,,,,,,,,
10001,1942-7-4,2.54,,26.66666667,22.22222222,24.44444444,0,,42,7,4,0.1,,,80,72,76,0,,,,,,,,,,,,
10001,1942-7-5,0,,26.66666667,21.66666667,24.44444444,0,,42,7,5,0,,,80,71,76,0,,,,,,,,,,,,
10001,1942-7-6,0,,26.66666667,21.66666667,24.44444444,0,,42,7,6,0,,,80,71,76,0,,,,,,,,,,,,
10001,1942-7-7,T,,28.33333333,22.77777778,25.55555556,0,,42,7,7,T,,,83,73,78,0,,,,,,,,,,,,
10001,1942-7-8,3.556,,26.66666667,22.22222222,24.44444444,0,,42,7,8,0.14,,,80,72,76,0,,,,,,,,,,,,
10001,1942-7-9,T,,27.22222222,22.77777778,25,0,,42,7,9,T,,,81,73,77,0,,,,,,,,,,,,
10001,1942-7-10,3.556,,25.55555556,21.66666667,23.33333333,0,,42,7,10,0.14,,,78,71,74,0,,,,,,,,,,,,
10001,1942-7-11,0,,25.55555556,21.66666667,23.33333333,0,,42,7,11,0,,,78,71,74,0,,,,,,,,,,,,
10001,1942-7-12,0.508,,24.44444444,22.22222222,23.33333333,0,,42,7,12,0.02,,,76,72,74,0,,,,,,,,,,,,
10001,1942-7-13,0,,26.11111111,21.66666667,23.88888889,0,,42,7,13,0,,,79,71,75,0,,,,,,,,,,,,
10001,1942-7-14,0,,26.11111111,22.22222222,24.44444444,0,,42,7,14,0,,,79,72,76,0,,,,,,,,,,,,
10001,1942-7-15,0,,25.55555556,22.77777778,24.44444444,0,,42,7,15,0,,,78,73,76,0,,,,,,,,,,,,
10001,1942-7-16,T,,26.11111111,21.11111111,23.33333333,0,,42,7,16,T,,,79,70,74,0,,,,,,,,,,,,
10001,1942-7-17,T,,28.33333333,22.22222222,25.55555556,0,,42,7,17,T,,,83,72,78,0,,,,,,,,,,,,
10001,1942-7-18,T,,26.66666667,21.11111111,23.88888889,0,,42,7,18,T,,,80,70,75,0,,,,,,,,,,,,
10001,1942-7-19,0,,27.77777778,21.66666667,24.44444444,0,,42,7,19,0,,,82,71,76,0,,,,,,,,,,,,
10001,1942-7-20,0,,26.11111111,20,23.33333333,0,,42,7,20,0,,,79,68,74,0,,,,,,,,,,,,
10001,1942-7-21,T,,24.44444444,21.66666667,23.33333333,0,,42,7,21,T,,,76,71,74,0,,,,,,,,,,,,
10001,1942-7-22,T,,24.44444444,21.11111111,22.77777778,0,,42,7,22,T,,,76,70,73,0,,,,,,,,,,,,
10001,1942-7-23,0,,26.66666667,20.55555556,23.33333333,0,,42,7,23,0,,,80,69,74,0,,,,,,,,,,,,
10001,1942-7-24,0,,27.22222222,18.88888889,23.33333333,0,,42,7,24,0,,,81,66,74,0,,,,,,,,,,,,
10001,1942-7-25,0,,27.22222222,19.44444444,23.33333333,0,,42,7,25,0,,,81,67,74,0,,,,,,,,,,,,
10001,1942-7-26,0,,25.55555556,19.44444444,22.22222222,0,,42,7,26,0,,,78,67,72,0,,,,,,,,,,,,
10001,1942-7-27,0,,25.55555556,19.44444444,22.77777778,0,,42,7,27,0,,,78,67,73,0,,,,,,,,,,,,
10001,1942-7-28,0,,26.66666667,19.44444444,23.33333333,0,,42,7,28,0,,,80,67,74,0,,,,,,,,,,,,
10001,1942-7-29,0,,26.66666667,19.44444444,23.33333333,0,,42,7,29,0,,,80,67,74,0,,,,,,,,,,,,
10001,1942-7-30,0,,27.22222222,19.44444444,23.33333333,0,,42,7,30,0,,,81,67,74,0,,,,,,,,,,,,
10001,1942-7-31,0,,27.22222222,19.44444444,23.33333333,0,,42,7,31,0,,,81,67,74,0,,,,,,,,,,,,
10001,1942-8-1,0,,26.11111111,20,23.33333333,0,,42,8,1,0,,,79,68,74,0,,,,,,,,,,,,
10001,1942-8-2,0,,24.44444444,20.55555556,22.22222222,0,,42,8,2,0,,,76,69,72,0,,,,,,,,,,,,
10001,1942-8-3,0,,24.44444444,20.55555556,22.22222222,0,,42,8,3,0,,,76,69,72,0,,,,,,,,,,,,
10001,1942-8-4,0,,26.66666667,21.11111111,23.88888889,0,,42,8,4,0,,,80,70,75,0,,,,,,,,,,,,
10001,1942-8-5,T,,26.66666667,21.11111111,23.88888889,0,,42,8,5,T,,,80,70,75,0,,,,,,,,,,,,
10001,1942-8-6,0,,24.44444444,21.66666667,23.33333333,0,,42,8,6,0,,,76,71,74,0,,,,,,,,,,,,
10001,1942-8-7,T,,24.44444444,21.11111111,22.77777778,0,,42,8,7,T,,,76,70,73,0,,,,,,,,,,,,
10001,1942-8-8,0,,26.11111111,20.55555556,23.33333333,0,,42,8,8,0,,,79,69,74,0,,,,,,,,,,,,
10001,1942-8-9,0,,26.11111111,20.55555556,23.33333333,0,,42,8,9,0,,,79,69,74,0,,,,,,,,,,,,
10001,1942-8-10,0,,27.22222222,21.66666667,24.44444444,0,,42,8,10,0,,,81,71,76,0,,,,,,,,,,,,
10001,1942-8-11,0,,25,21.66666667,23.33333333,0,,42,8,11,0,,,77,71,74,0,,,,,,,,,,,,
10001,1942-8-12,0,,25.55555556,20.55555556,23.33333333,0,,42,8,12,0,,,78,69,74,0,,,,,,,,,,,,
10001,1942-8-13,0,,25.55555556,20.55555556,23.33333333,0,,42,8,13,0,,,78,69,74,0,,,,,,,,,,,,
10001,1942-8-14,T,,25.55555556,20,22.77777778,0,,42,8,14,T,,,78,68,73,0,,,,,,,,,,,,
10001,1942-8-15,0.254,,25.55555556,17.77777778,21.66666667,0,,42,8,15,0.01,,,78,64,71,0,,,,,,,,,,,,
10001,1942-8-16,0,,25.55555556,19.44444444,22.22222222,0,,42,8,16,0,,,78,67,72,0,,,,,,,,,,,,
10001,1942-8-17,T,,25.55555556,20,22.77777778,0,,42,8,17,T,,,78,68,73,0,,,,,,,,,,,,
10001,1942-8-18,T,,26.11111111,20.55555556,23.33333333,0,,42,8,18,T,,,79,69,74,0,,,,,,,,,,,,
10001,1942-8-19,0,,27.77777778,20.55555556,24.44444444,0,,42,8,19,0,,,82,69,76,0,,,,,,,,,,,,
10001,1942-8-20,0.508,,23.88888889,20.55555556,22.22222222,0,,42,8,20,0.02,,,75,69,72,0,,,,,,,,,,,,
10001,1942-8-21,0.254,,32.77777778,20,23.33333333,0,,42,8,21,0.01,,,91,68,74,0,,,,,,,,,,,,
10001,1942-8-22,0,,27.22222222,20.55555556,23.33333333,0,,42,8,22,0,,,81,69,74,0,,,,,,,,,,,,
10001,1942-8-23,0,,25,20.55555556,22.77777778,0,,42,8,23,0,,,77,69,73,0,,,,,,,,,,,,
10001,1942-8-24,0,,27.77777778,20.55555556,24.44444444,0,,42,8,24,0,,,82,69,76,0,,,,,,,,,,,,
10001,1942-8-25,0,,26.66666667,20,23.33333333,0,,42,8,25,0,,,80,68,74,0,,,,,,,,,,,,
10001,1942-8-26,0,,27.22222222,20.55555556,23.88888889,0,,42,8,26,0,,,81,69,75,0,,,,,,,,,,,,
10001,1942-8-27,0,,27.22222222,20.55555556,23.88888889,0,,42,8,27,0,,,81,69,75,0,,,,,,,,,,,,
10001,1942-8-28,T,,27.22222222,20.55555556,23.88888889,0,,42,8,28,T,,,81,69,75,0,,,,,,,,,,,,
10001,1942-8-29,T,,25,21.11111111,23.33333333,0,,42,8,29,T,,,77,70,74,0,,,,,,,,,,,,
10001,1942-8-30,0,,27.22222222,20.55555556,23.88888889,0,,42,8,30,0,,,81,69,75,0,,,,,,,,,,,,
10001,1942-8-31,0,,27.22222222,21.11111111,23.88888889,0,,42,8,31,0,,,81,70,75,0,,,,,,,,,,,,
10001,1942-9-1,0.254,,27.22222222,21.11111111,24.44444444,0,,42,9,1,0.01,,,81,70,76,0,,,,,,,,,,,,
10001,1942-9-2,0.254,,27.22222222,22.22222222,25,0,,42,9,2,0.01,,,81,72,77,0,,,,,,,,,,,,
10001,1942-9-3,1.778,,27.22222222,21.11111111,24.44444444,0,,42,9,3,0.07,,,81,70,76,0,,,,,,,,,,,,
10001,1942-9-4,0,,27.22222222,21.11111111,24.44444444,0,,42,9,4,0,,,81,70,76,0,,,,,,,,,,,,
10001,1942-9-5,T,,27.22222222,22.22222222,24.44444444,0,,42,9,5,T,,,81,72,76,0,,,,,,,,,,,,
10001,1942-9-6,0,,26.66666667,22.22222222,24.44444444,0,,42,9,6,0,,,80,72,76,0,,,,,,,,,,,,
10001,1942-9-7,0.254,,26.66666667,21.66666667,24.44444444,0,,42,9,7,0.01,,,80,71,76,0,,,,,,,,,,,,
10001,1942-9-8,0,,27.22222222,21.11111111,24.44444444,0,,42,9,8,0,,,81,70,76,0,,,,,,,,,,,,
10001,1942-9-9,T,,26.66666667,21.66666667,24.44444444,0,,42,9,9,T,,,80,71,76,0,,,,,,,,,,,,
10001,1942-9-10,0,,28.33333333,21.11111111,24.44444444,0,,42,9,10,0,,,83,70,76,0,,,,,,,,,,,,
10001,1942-9-11,0,,26.11111111,21.11111111,23.33333333,0,,42,9,11,0,,,79,70,74,0,,,,,,,,,,,,
10001,1942-9-12,T,,27.22222222,21.66666667,24.44444444,0,,42,9,12,T,,,81,71,76,0,,,,,,,,,,,,
10001,1942-9-13,T,,27.22222222,21.66666667,24.44444444,0,,42,9,13,T,,,81,71,76,0,,,,,,,,,,,,
10001,1942-9-14,1.016,,27.77777778,22.77777778,25.55555556,0,,42,9,14,0.04,,,82,73,78,0,,,,,,,,,,,,
10001,1942-9-15,0,,27.77777778,22.77777778,25.55555556,0,,42,9,15,0,,,82,73,78,0,,,,,,,,,,,,
10001,1942-9-16,0,,30,21.66666667,25.55555556,0,,42,9,16,0,,,86,71,78,0,,,,,,,,,,,,
10001,1942-9-17,0,,27.77777778,22.22222222,25,0,,42,9,17,0,,,82,72,77,0,,,,,,,,,,,,
10001,1942-9-18,0,,31.11111111,21.11111111,26.11111111,0,,42,9,18,0,,,88,70,79,0,,,,,,,,,,,,
10001,1942-9-19,0,,34.44444444,22.22222222,28.33333333,0,,42,9,19,0,,,94,72,83,0,,,,,,,,,,,,
10001,1942-9-20,T,,30.55555556,21.66666667,26.11111111,0,,42,9,20,T,,,87,71,79,0,,,,,,,,,,,,
10001,1942-9-21,T,,29.44444444,22.22222222,26.11111111,0,,42,9,21,T,,,85,72,79,0,,,,,,,,,,,,
10001,1942-9-22,T,,30.55555556,22.22222222,26.66666667,0,,42,9,22,T,,,87,72,80,0,,,,,,,,,,,,
10001,1942-9-23,0.254,,26.11111111,23.33333333,25,0,,42,9,23,0.01,,,79,74,77,0,,,,,,,,,,,,
10001,1942-9-24,0,,25.55555556,22.22222222,23.88888889,0,,42,9,24,0,,,78,72,75,0,,,,,,,,,,,,
10001,1942-9-25,T,,30.55555556,21.66666667,26.11111111,0,,42,9,25,T,,,87,71,79,0,,,,,,,,,,,,
10001,1942-9-26,0,,31.66666667,22.22222222,27.22222222,0,,42,9,26,0,,,89,72,81,0,,,,,,,,,,,,
10001,1942-9-27,T,,31.66666667,21.11111111,26.66666667,0,,42,9,27,T,,,89,70,80,0,,,,,,,,,,,,
10001,1942-9-28,3.302,,32.22222222,20.55555556,26.11111111,0,,42,9,28,0.13,,,90,69,79,0,,,,,,,,,,,,
10001,1942-9-29,0.762,,27.77777778,22.22222222,25,0,,42,9,29,0.03,,,82,72,77,0,,,,,,,,,,,,
10001,1942-9-30,0,,29.44444444,22.22222222,26.11111111,0,,42,9,30,0,,,85,72,79,0,,,,,,,,,,,,
10001,1942-10-1,T,,31.11111111,23.33333333,27.22222222,0,,42,10,1,T,,,88,74,81,0,,,,,,,,,,,,
10001,1942-10-2,0,,31.11111111,22.77777778,27.22222222,0,,42,10,2,0,,,88,73,81,0,,,,,,,,,,,,
10001,1942-10-3,0,,31.11111111,22.22222222,26.66666667,0,,42,10,3,0,,,88,72,80,0,,,,,,,,,,,,
10001,1942-10-4,5.588,,27.22222222,21.11111111,23.88888889,0,,42,10,4,0.22,,,81,70,75,0,,,,,,,,,,,,
10001,1942-10-5,0,,31.11111111,22.22222222,26.66666667,0,,42,10,5,0,,,88,72,80,0,,,,,,,,,,,,
10001,1942-10-6,0.254,,29.44444444,22.22222222,25.55555556,0,,42,10,6,0.01,,,85,72,78,0,,,,,,,,,,,,
10001,1942-10-7,5.08,,29.44444444,22.77777778,26.11111111,0,,42,10,7,0.2,,,85,73,79,0,,,,,,,,,,,,
10001,1942-10-8,2.032,,28.88888889,20.55555556,25,0,,42,10,8,0.08,,,84,69,77,0,,,,,,,,,,,,
10001,1942-10-9,0,,31.11111111,22.22222222,26.66666667,0,,42,10,9,0,,,88,72,80,0,,,,,,,,,,,,
10001,1942-10-10,T,,30.55555556,22.22222222,26.66666667,0,,42,10,10,T,,,87,72,80,0,,,,,,,,,,,,
10001,1942-10-11,T,,27.77777778,21.11111111,24.44444444,0,,42,10,11,T,,,82,70,76,0,,,,,,,,,,,,
10001,1942-10-12,0,,30.55555556,21.11111111,25.55555556,0,,42,10,12,0,,,87,70,78,0,,,,,,,,,,,,
10001,1942-10-13,T,,30,22.77777778,26.11111111,0,,42,10,13,T,,,86,73,79,0,,,,,,,,,,,,
10001,1942-10-14,25.654,,27.22222222,22.22222222,24.44444444,0,,42,10,14,1.01,,,81,72,76,0,,,,,,,,,,,,
10001,1942-10-15,T,,30.55555556,21.11111111,25.55555556,0,,42,10,15,T,,,87,70,78,0,,,,,,,,,,,,
10001,1942-10-16,T,,30.55555556,22.22222222,26.11111111,0,,42,10,16,T,,,87,72,79,0,,,,,,,,,,,,
10001,1942-10-17,40.132,,28.88888889,21.66666667,25.55555556,0,,42,10,17,1.58,,,84,71,78,0,,,,,,,,,,,,
10001,1942-10-18,T,,30,22.22222222,26.11111111,0,,42,10,18,T,,,86,72,79,0,,,,,,,,,,,,
10001,1942-10-19,0.762,,30,21.66666667,26.11111111,0,,42,10,19,0.03,,,86,71,79,0,,,,,,,,,,,,
10001,1942-10-20,T,,29.44444444,22.22222222,26.11111111,0,,42,10,20,T,,,85,72,79,0,,,,,,,,,,,,
10001,1942-10-21,2.032,,28.88888889,22.22222222,25.55555556,0,,42,10,21,0.08,,,84,72,78,0,,,,,,,,,,,,
10001,1942-10-22,0,,30,22.22222222,25.55555556,0,,42,10,22,0,,,86,72,78,0,,,,,,,,,,,,
10001,1942-10-23,0,,30.55555556,22.77777778,26.66666667,0,,42,10,23,0,,,87,73,80,0,,,,,,,,,,,,
10001,1942-10-24,T,,30.55555556,22.22222222,26.11111111,0,,42,10,24,T,,,87,72,79,0,,,,,,,,,,,,
10001,1942-10-25,0,,31.11111111,22.22222222,26.66666667,0,,42,10,25,0,,,88,72,80,0,,,,,,,,,,,,
10001,1942-10-26,0,,31.11111111,22.22222222,26.66666667,0,,42,10,26,0,,,88,72,80,0,,,,,,,,,,,,
10001,1942-10-27,0,,31.66666667,22.77777778,27.22222222,0,,42,10,27,0,,,89,73,81,0,,,,,,,,,,,,
10001,1942-10-28,0,,31.11111111,22.22222222,26.66666667,0,,42,10,28,0,,,88,72,80,0,,,,,,,,,,,,
10001,1942-10-29,0,,32.22222222,21.11111111,26.66666667,0,,42,10,29,0,,,90,70,80,0,,,,,,,,,,,,
10001,1942-10-30,0.508,,31.66666667,21.66666667,26.66666667,0,,42,10,30,0.02,,,89,71,80,0,,,,,,,,,,,,
10001,1942-10-31,T,,30.55555556,20.55555556,25.55555556,0,1,42,10,31,T,,,87,69,78,0,,,,,,,1,,,,,
10001,1942-11-1,0,,31.11111111,23.33333333,27.22222222,0,,42,11,1,0,,,88,74,81,0,,,,,,,,,,,,
10001,1942-11-2,0,,31.66666667,22.22222222,26.66666667,0,,42,11,2,0,,,89,72,80,0,,,,,,,,,,,,
10001,1942-11-3,0,,31.11111111,22.22222222,26.66666667,0,,42,11,3,0,,,88,72,80,0,,,,,,,,,,,,
10001,1942-11-4,T,,30.55555556,22.77777778,26.66666667,0,,42,11,4,T,,,87,73,80,0,,,,,,,,,,,,
10001,1942-11-5,0,,31.66666667,22.22222222,26.66666667,0,,42,11,5,0,,,89,72,80,0,,,,,,,,,,,,
10001,1942-11-6,0,,32.77777778,22.22222222,27.77777778,0,,42,11,6,0,,,91,72,82,0,,,,,,,,,,,,
10001,1942-11-7,0,,31.66666667,23.33333333,27.77777778,0,,42,11,7,0,,,89,74,82,0,,,,,,,,,,,,
10001,1942-11-8,0,,31.11111111,22.77777778,26.66666667,0,,42,11,8,0,,,88,73,80,0,,,,,,,,,,,,
10001,1942-11-9,0,,31.66666667,22.77777778,27.22222222,0,,42,11,9,0,,,89,73,81,0,,,,,,,,,,,,
10001,1942-11-10,0,,32.77777778,22.77777778,27.77777778,0,,42,11,10,0,,,91,73,82,0,,,,,,,,,,,,
10001,1942-11-11,0,,32.22222222,23.33333333,27.77777778,0,,42,11,11,0,,,90,74,82,0,,,,,,,,,,,,
10001,1942-11-12,0,,32.22222222,22.77777778,27.77777778,0,,42,11,12,0,,,90,73,82,0,,,,,,,,,,,,
10001,1942-11-13,0,,32.22222222,22.77777778,27.77777778,0,,42,11,13,0,,,90,73,82,0,,,,,,,,,,,,
10001,1942-11-14,0,,32.22222222,22.77777778,27.77777778,0,,42,11,14,0,,,90,73,82,0,,,,,,,,,,,,
10001,1942-11-15,0,,32.22222222,22.77777778,27.77777778,0,,42,11,15,0,,,90,73,82,0,,,,,,,,,,,,
10001,1942-11-16,T,,32.22222222,22.77777778,27.77777778,0,,42,11,16,T,,,90,73,82,0,,,,,,,,,,,,
10001,1942-11-17,0,,32.77777778,23.33333333,27.77777778,0,,42,11,17,0,,,91,74,82,0,,,,,,,,,,,,
10001,1942-11-18,0,,31.66666667,23.33333333,27.77777778,0,,42,11,18,0,,,89,74,82,0,,,,,,,,,,,,
10001,1942-11-19,0,,31.66666667,22.77777778,27.22222222,0,,42,11,19,0,,,89,73,81,0,,,,,,,,,,,,
10001,1942-11-20,0,,31.66666667,23.33333333,27.77777778,0,,42,11,20,0,,,89,74,82,0,,,,,,,,,,,,
10001,1942-11-21,T,,32.22222222,22.77777778,27.77777778,0,,42,11,21,T,,,90,73,82,0,,,,,,,,,,,,
10001,1942-11-22,0,,31.66666667,21.11111111,26.66666667,0,,42,11,22,0,,,89,70,80,0,,,,,,,,,,,,
10001,1942-11-23,0,,32.77777778,23.33333333,27.77777778,0,,42,11,23,0,,,91,74,82,0,,,,,,,,,,,,
10001,1942-11-24,0,,32.22222222,23.33333333,27.77777778,0,,42,11,24,0,,,90,74,82,0,,,,,,,,,,,,
10001,1942-11-25,0,,33.33333333,23.33333333,28.33333333,0,,42,11,25,0,,,92,74,83,0,,,,,,,,,,,,
10001,1942-11-26,0,,32.22222222,22.22222222,27.22222222,0,,42,11,26,0,,,90,72,81,0,,,,,,,,,,,,
10001,1942-11-27,19.05,,32.77777778,21.66666667,27.22222222,0,,42,11,27,0.75,,,91,71,81,0,,,,,,,,,,,,
10001,1942-11-28,0,,31.11111111,21.66666667,26.66666667,0,,42,11,28,0,,,88,71,80,0,,,,,,,,,,,,
10001,1942-11-29,0,,32.22222222,22.77777778,27.77777778,0,,42,11,29,0,,,90,73,82,0,,,,,,,,,,,,
10001,1942-11-30,T,,32.77777778,23.33333333,27.77777778,0,,42,11,30,T,,,91,74,82,0,,,,,,,,,,,,
10001,1942-12-1,0,,32.22222222,22.22222222,27.22222222,0,,42,12,1,0,,,90,72,81,0,,,,,,,,,,,,
10001,1942-12-2,0,,32.77777778,23.33333333,27.77777778,0,,42,12,2,0,,,91,74,82,0,,,,,,,,,,,,
10001,1942-12-3,23.876,,31.66666667,19.44444444,25.55555556,0,,42,12,3,0.94,,,89,67,78,0,,,,,,,,,,,,
10001,1942-12-4,0,,31.11111111,22.22222222,26.66666667,0,,42,12,4,0,,,88,72,80,0,,,,,,,,,,,,
10001,1942-12-5,0,,31.66666667,22.22222222,26.66666667,0,,42,12,5,0,,,89,72,80,0,,,,,,,,,,,,
10001,1942-12-6,0,,31.66666667,22.22222222,26.66666667,0,,42,12,6,0,,,89,72,80,0,,,,,,,,,,,,
10001,1942-12-7,0,,31.11111111,21.66666667,26.66666667,0,,42,12,7,0,,,88,71,80,0,,,,,,,,,,,,
10001,1942-12-8,0,,32.22222222,22.22222222,27.22222222,0,,42,12,8,0,,,90,72,81,0,,,,,,,,,,,,
10001,1942-12-9,0,,32.77777778,23.88888889,28.33333333,0,,42,12,9,0,,,91,75,83,0,,,,,,,,,,,,
10001,1942-12-10,4.064,,32.77777778,20,26.66666667,0,,42,12,10,0.16,,,91,68,80,0,,,,,,,,,,,,
10001,1942-12-11,0,,29.44444444,20,24.44444444,0,,42,12,11,0,,,85,68,76,0,,,,,,,,,,,,
10001,1942-12-12,0,,26.66666667,19.44444444,23.33333333,0,,42,12,12,0,,,80,67,74,0,,,,,,,,,,,,
10001,1942-12-13,0,,30.55555556,20.55555556,25.55555556,0,,42,12,13,0,,,87,69,78,0,,,,,,,,,,,,
10001,1942-12-14,0,,31.11111111,22.77777778,26.66666667,0,,42,12,14,0,,,88,73,80,0,,,,,,,,,,,,
10001,1942-12-15,2.54,,31.11111111,22.22222222,26.66666667,0,,42,12,15,0.1,,,88,72,80,0,,,,,,,,,,,,
10001,1942-12-16,0,,30.55555556,22.22222222,26.66666667,0,,42,12,16,0,,,87,72,80,0,,,,,,,,,,,,
10001,1942-12-17,0,,31.11111111,22.77777778,26.66666667,0,,42,12,17,0,,,88,73,80,0,,,,,,,,,,,,
10001,1942-12-18,0,,30.55555556,22.77777778,26.66666667,0,,42,12,18,0,,,87,73,80,0,,,,,,,,,,,,
10001,1942-12-19,0,,31.11111111,21.66666667,26.66666667,0,,42,12,19,0,,,88,71,80,0,,,,,,,,,,,,
10001,1942-12-20,0,,31.11111111,22.77777778,26.66666667,0,,42,12,20,0,,,88,73,80,0,,,,,,,,,,,,
10001,1942-12-21,0.508,,33.88888889,18.88888889,26.66666667,0,,42,12,21,0.02,,,93,66,80,0,,,,,,,,,,,,
10001,1942-12-22,0,,31.11111111,18.88888889,25,0,,42,12,22,0,,,88,66,77,0,,,,,,,,,,,,
10001,1942-12-23,0,,32.22222222,21.66666667,26.66666667,0,,42,12,23,0,,,90,71,80,0,,,,,,,,,,,,
10001,1942-12-24,0,,32.22222222,22.22222222,27.22222222,0,,42,12,24,0,,,90,72,81,0,,,,,,,,,,,,
10001,1942-12-25,0,,32.22222222,18.88888889,25.55555556,0,,42,12,25,0,,,90,66,78,0,,,,,,,,,,,,
10001,1942-12-26,0,,32.22222222,21.11111111,26.66666667,0,,42,12,26,0,,,90,70,80,0,,,,,,,,,,,,
10001,1942-12-27,0,,32.77777778,17.22222222,25,0,,42,12,27,0,,,91,63,77,0,,,,,,,,,,,,
10001,1942-12-28,0,,30.55555556,16.11111111,23.33333333,0,,42,12,28,0,,,87,61,74,0,,,,,,,,,,,,
10001,1942-12-29,0,,32.22222222,16.66666667,24.44444444,0,,42,12,29,0,,,90,62,76,0,,,,,,,,,,,,
10001,1942-12-30,0,,32.22222222,18.33333333,25.55555556,0,,42,12,30,0,,,90,65,78,0,,,,,,,,,,,,
10001,1942-12-31,0,,31.11111111,22.22222222,26.66666667,0,,42,12,31,0,,,88,72,80,0,,,,,,,,,,,,
10001,1943-1-1,0,,31.11111111,21.11111111,26.11111111,0,,43,1,1,0,,,88,70,79,0,,,,,,,,,,,,
10001,1943-1-2,12.192,,30.55555556,23.33333333,26.66666667,0,,43,1,2,0.48,,,87,74,80,0,,,,,,,,,,,,
10001,1943-1-3,0,,29.44444444,21.11111111,25.55555556,0,,43,1,3,0,,,85,70,78,0,,,,,,,,,,,,
10001,1943-1-4,0,,30,21.11111111,25.55555556,0,,43,1,4,0,,,86,70,78,0,,,,,,,,,,,,
10001,1943-1-5,0,,30.55555556,20,25.55555556,0,,43,1,5,0,,,87,68,78,0,,,,,,,,,,,,
10001,1943-1-6,0,,31.66666667,21.11111111,26.66666667,0,,43,1,6,0,,,89,70,80,0,,,,,,,,,,,,
10001,1943-1-7,0,,32.22222222,20.55555556,26.66666667,0,,43,1,7,0,,,90,69,80,0,,,,,,,,,,,,
10001,1943-1-8,0,,31.66666667,22.22222222,26.66666667,0,,43,1,8,0,,,89,72,80,0,,,,,,,,,,,,
10001,1943-1-9,0,,30.55555556,23.33333333,26.66666667,0,,43,1,9,0,,,87,74,80,0,,,,,,,,,,,,
10001,1943-1-10,0,,33.33333333,21.66666667,27.77777778,0,,43,1,10,0,,,92,71,82,0,,,,,,,,,,,,
10001,1943-1-11,0,,30.55555556,21.66666667,26.11111111,0,,43,1,11,0,,,87,71,79,0,,,,,,,,,,,,
10001,1943-1-12,0,,31.11111111,19.44444444,25.55555556,0,,43,1,12,0,,,88,67,78,0,,,,,,,,,,,,
10001,1943-1-13,0,,31.66666667,21.66666667,26.66666667,0,,43,1,13,0,,,89,71,80,0,,,,,,,,,,,,
10001,1943-1-14,0,,32.77777778,22.22222222,27.77777778,0,,43,1,14,0,,,91,72,82,0,,,,,,,,,,,,
10001,1943-1-15,0,,31.11111111,23.33333333,27.22222222,0,,43,1,15,0,,,88,74,81,0,,,,,,,,,,,,
10001,1943-1-16,0,,31.66666667,23.33333333,27.77777778,0,,43,1,16,0,,,89,74,82,0,,,,,,,,,,,,
10001,1943-1-17,0,,31.11111111,22.22222222,26.66666667,0,,43,1,17,0,,,88,72,80,0,,,,,,,,,,,,
10001,1943-1-18,0,,32.22222222,22.77777778,27.77777778,0,,43,1,18,0,,,90,73,82,0,,,,,,,,,,,,
10001,1943-1-19,0,,31.66666667,23.33333333,27.77777778,0,,43,1,19,0,,,89,74,82,0,,,,,,,,,,,,
10001,1943-1-20,0,,33.33333333,22.77777778,27.77777778,0,,43,1,20,0,,,92,73,82,0,,,,,,,,,,,,
10001,1943-1-21,0,,32.22222222,24.44444444,28.33333333,0,,43,1,21,0,,,90,76,83,0,,,,,,,,,,,,
10001,1943-1-22,0,,31.66666667,22.22222222,26.66666667,0,,43,1,22,0,,,89,72,80,0,,,,,,,,,,,,
10001,1943-1-23,0,,30.55555556,23.33333333,26.66666667,0,,43,1,23,0,,,87,74,80,0,,,,,,,,,,,,
10001,1943-1-24,2.794,,31.11111111,22.77777778,26.66666667,0,,43,1,24,0.11,,,88,73,80,0,,,,,,,,,,,,
10001,1943-1-25,3.556,,29.44444444,21.66666667,25.55555556,0,,43,1,25,0.14,,,85,71,78,0,,,,,,,,,,,,
10001,1943-1-26,0,,30,20,25,0,,43,1,26,0,,,86,68,77,0,,,,,,,,,,,,
10001,1943-1-27,0,,31.11111111,22.77777778,26.66666667,0,,43,1,27,0,,,88,73,80,0,,,,,,,,,,,,
10001,1943-1-28,0,,31.11111111,22.77777778,26.66666667,0,,43,1,28,0,,,88,73,80,0,,,,,,,,,,,,
10001,1943-1-29,0,,31.66666667,23.88888889,27.77777778,0,,43,1,29,0,,,89,75,82,0,,,,,,,,,,,,
10001,1943-1-30,0,,31.11111111,22.22222222,26.66666667,0,,43,1,30,0,,,88,72,80,0,,,,,,,,,,,,
10001,1943-1-31,0,,29.44444444,23.33333333,26.66666667,0,,43,1,31,0,,,85,74,80,0,,,,,,,,,,,,
10001,1943-2-1,0,,31.11111111,21.66666667,26.66666667,0,,43,2,1,0,,,88,71,80,0,,,,,,,,,,,,
10001,1943-2-2,0,,30.55555556,22.22222222,26.66666667,0,,43,2,2,0,,,87,72,80,0,,,,,,,,,,,,
10001,1943-2-3,0,,31.11111111,22.22222222,26.66666667,0,,43,2,3,0,,,88,72,80,0,,,,,,,,,,,,
10001,1943-2-4,0,,32.77777778,22.22222222,27.77777778,0,,43,2,4,0,,,91,72,82,0,,,,,,,,,,,,
10001,1943-2-5,0,,31.11111111,23.33333333,27.22222222,0,,43,2,5,0,,,88,74,81,0,,,,,,,,,,,,
10001,1943-2-6,0,,31.66666667,23.33333333,27.77777778,0,,43,2,6,0,,,89,74,82,0,,,,,,,,,,,,
10001,1943-2-7,0,,34.44444444,22.77777778,28.88888889,0,,43,2,7,0,,,94,73,84,0,,,,,,,,,,,,
10001,1943-2-8,0,,32.77777778,21.11111111,26.66666667,0,,43,2,8,0,,,91,70,80,0,,,,,,,,,,,,
10001,1943-2-9,0,,34.44444444,24.44444444,29.44444444,0,,43,2,9,0,,,94,76,85,0,,,,,,,,,,,,
10001,1943-2-10,0,,32.77777778,23.88888889,28.33333333,0,,43,2,10,0,,,91,75,83,0,,,,,,,,,,,,
10001,1943-2-11,0,,32.77777778,23.88888889,28.33333333,0,,43,2,11,0,,,91,75,83,0,,,,,,,,,,,,
10001,1943-2-12,0,,30.55555556,24.44444444,27.22222222,0,,43,2,12,0,,,87,76,81,0,,,,,,,,,,,,
10001,1943-2-13,0,,31.11111111,23.88888889,27.22222222,0,,43,2,13,0,,,88,75,81,0,,,,,,,,,,,,
10001,1943-2-14,0,,31.11111111,24.44444444,27.77777778,0,,43,2,14,0,,,88,76,82,0,,,,,,,,,,,,
10001,1943-2-15,0,,32.22222222,25,28.33333333,0,,43,2,15,0,,,90,77,83,0,,,,,,,,,,,,
10001,1943-2-16,33.274,,31.66666667,22.22222222,26.66666667,0,,43,2,16,1.31,,,89,72,80,0,,,,,,,,,,,,
10001,1943-2-17,0,,28.33333333,22.22222222,25.55555556,0,,43,2,17,0,,,83,72,78,0,,,,,,,,,,,,
10001,1943-2-18,0,,31.11111111,22.77777778,26.66666667,0,,43,2,18,0,,,88,73,80,0,,,,,,,,,,,,
10001,1943-2-19,0,,31.11111111,22.77777778,26.66666667,0,,43,2,19,0,,,88,73,80,0,,,,,,,,,,,,
10001,1943-2-20,0,,32.22222222,22.77777778,27.77777778,0,,43,2,20,0,,,90,73,82,0,,,,,,,,,,,,
10001,1943-2-21,0.762,,31.66666667,20,25.55555556,0,,43,2,21,0.03,,,89,68,78,0,,,,,,,,,,,,
10001,1943-2-22,0,,31.11111111,22.22222222,26.66666667,0,,43,2,22,0,,,88,72,80,0,,,,,,,,,,,,
10001,1943-2-23,0,,31.11111111,23.33333333,27.22222222,0,,43,2,23,0,,,88,74,81,0,,,,,,,,,,,,
10001,1943-2-24,0,,31.11111111,23.33333333,27.22222222,0,,43,2,24,0,,,88,74,81,0,,,,,,,,,,,,
10001,1943-2-25,0,,31.11111111,22.77777778,26.66666667,0,,43,2,25,0,,,88,73,80,0,,,,,,,,,,,,
10001,1943-2-26,0,,31.66666667,21.66666667,26.66666667,0,,43,2,26,0,,,89,71,80,0,,,,,,,,,,,,
10001,1943-2-27,0,,31.11111111,22.77777778,26.66666667,0,,43,2,27,0,,,88,73,80,0,,,,,,,,,,,,
10001,1943-2-28,0,,31.66666667,23.33333333,27.77777778,0,,43,2,28,0,,,89,74,82,0,,,,,,,,,,,,
10001,1943-3-1,0,,31.66666667,23.33333333,27.77777778,0,,43,3,1,0,,,89,74,82,0,,,,,,,,,,,,
10001,1943-3-2,0,,32.77777778,23.33333333,27.77777778,0,,43,3,2,0,,,91,74,82,0,,,,,,,,,,,,
10001,1943-3-3,0,,32.22222222,23.33333333,27.77777778,0,,43,3,3,0,,,90,74,82,0,,,,,,,,,,,,
10001,1943-3-4,0,,32.22222222,23.88888889,27.77777778,0,,43,3,4,0,,,90,75,82,0,,,,,,,,,,,,
10001,1943-3-5,0,,31.66666667,24.44444444,27.77777778,0,,43,3,5,0,,,89,76,82,0,,,,,,,,,,,,
10001,1943-3-6,0,,32.22222222,23.88888889,27.77777778,0,,43,3,6,0,,,90,75,82,0,,,,,,,,,,,,
10001,1943-3-7,0,,32.22222222,23.88888889,27.77777778,0,,43,3,7,0,,,90,75,82,0,,,,,,,,,,,,
10001,1943-3-8,0,,32.22222222,23.33333333,27.77777778,0,,43,3,8,0,,,90,74,82,0,,,,,,,,,,,,
10001,1943-3-9,T,,31.66666667,23.88888889,27.77777778,0,,43,3,9,T,,,89,75,82,0,,,,,,,,,,,,
10001,1943-3-10,0,,32.22222222,23.88888889,27.77777778,0,,43,3,10,0,,,90,75,82,0,,,,,,,,,,,,
10001,1943-3-11,T,,32.22222222,24.44444444,28.33333333,0,,43,3,11,T,,,90,76,83,0,,,,,,,,,,,,
10001,1943-3-12,19.304,,31.66666667,23.33333333,27.77777778,0,,43,3,12,0.76,,,89,74,82,0,,,,,,,,,,,,
10001,1943-3-13,0,,28.88888889,21.66666667,25.55555556,0,,43,3,13,0,,,84,71,78,0,,,,,,,,,,,,
10001,1943-3-14,0,,32.22222222,22.22222222,27.22222222,0,,43,3,14,0,,,90,72,81,0,,,,,,,,,,,,
10001,1943-3-15,47.752,,35,23.33333333,28.88888889,0,,43,3,15,1.88,,,95,74,84,0,,,,,,,,,,,,
10001,1943-3-16,0,,30.55555556,22.22222222,26.66666667,0,,43,3,16,0,,,87,72,80,0,,,,,,,,,,,,
10001,1943-3-17,0,,32.22222222,22.22222222,27.22222222,0,,43,3,17,0,,,90,72,81,0,,,,,,,,,,,,
10001,1943-3-18,0,,31.11111111,22.77777778,26.66666667,0,,43,3,18,0,,,88,73,80,0,,,,,,,,,,,,
10001,1943-3-19,0.762,,28.33333333,23.33333333,25.55555556,0,,43,3,19,0.03,,,83,74,78,0,,,,,,,,,,,,
10001,1943-3-20,0,,31.11111111,21.11111111,26.11111111,0,,43,3,20,0,,,88,70,79,0,,,,,,,,,,,,
10001,1943-3-21,0,,30.55555556,20.55555556,25.55555556,0,,43,3,21,0,,,87,69,78,0,,,,,,,,,,,,
10001,1943-3-22,0.508,,30.55555556,21.11111111,25.55555556,0,,43,3,22,0.02,,,87,70,78,0,,,,,,,,,,,,
10001,1943-3-23,0,,30.55555556,22.22222222,26.66666667,0,,43,3,23,0,,,87,72,80,0,,,,,,,,,,,,
10001,1943-3-24,6.35,,30.55555556,21.66666667,26.11111111,0,,43,3,24,0.25,,,87,71,79,0,,,,,,,,,,,,
10001,1943-3-25,3.556,,29.44444444,20.55555556,25,0,,43,3,25,0.14,,,85,69,77,0,,,,,,,,,,,,
10001,1943-3-26,0,,30,21.66666667,25.55555556,0,,43,3,26,0,,,86,71,78,0,,,,,,,,,,,,
10001,1943-3-27,0,,30,21.66666667,25.55555556,0,,43,3,27,0,,,86,71,78,0,,,,,,,,,,,,
10001,1943-3-28,0,,31.66666667,22.22222222,27.22222222,0,,43,3,28,0,,,89,72,81,0,,,,,,,,,,,,
10001,1943-3-29,0,,31.66666667,21.66666667,26.66666667,0,,43,3,29,0,,,89,71,80,0,,,,,,,,,,,,
10001,1943-3-30,3.048,,34.44444444,21.66666667,27.77777778,0,,43,3,30,0.12,,,94,71,82,0,,,,,,,,,,,,
10001,1943-3-31,0,,31.66666667,21.66666667,26.66666667,0,,43,3,31,0,,,89,71,80,0,,,,,,,,,,,,
10001,1943-4-1,0,,30.55555556,21.66666667,26.11111111,0,,43,4,1,0,,,87,71,79,0,,,,,,,,,,,,
10001,1943-4-2,0.762,,30,21.66666667,26.11111111,0,,43,4,2,0.03,,,86,71,79,0,,,,,,,,,,,,
10001,1943-4-3,T,,31.11111111,22.22222222,26.66666667,0,,43,4,3,T,,,88,72,80,0,,,,,,,,,,,,
10001,1943-4-4,0,,31.66666667,22.22222222,26.66666667,0,,43,4,4,0,,,89,72,80,0,,,,,,,,,,,,
10001,1943-4-5,0,,32.22222222,22.22222222,27.22222222,0,,43,4,5,0,,,90,72,81,0,,,,,,,,,,,,
10001,1943-4-6,T,,30.55555556,21.11111111,26.11111111,0,,43,4,6,T,,,87,70,79,0,,,,,,,,,,,,
10001,1943-4-7,8.382,,27.77777778,22.22222222,25,0,,43,4,7,0.33,,,82,72,77,0,,,,,,,,,,,,
10001,1943-4-8,0,,31.11111111,20.55555556,26.11111111,0,,43,4,8,0,,,88,69,79,0,,,,,,,,,,,,
10001,1943-4-9,0,,31.11111111,22.77777778,26.66666667,0,,43,4,9,0,,,88,73,80,0,,,,,,,,,,,,
10001,1943-4-10,0,,31.11111111,23.33333333,27.22222222,0,,43,4,10,0,,,88,74,81,0,,,,,,,,,,,,
10001,1943-4-11,0,,32.22222222,23.88888889,27.77777778,0,,43,4,11,0,,,90,75,82,0,,,,,,,,,,,,
10001,1943-4-12,10.16,,32.22222222,22.22222222,27.22222222,0,,43,4,12,0.4,,,90,72,81,0,,,,,,,,,,,,
10001,1943-4-13,T,,31.11111111,24.44444444,27.77777778,0,,43,4,13,T,,,88,76,82,0,,,,,,,,,,,,
10001,1943-4-14,27.178,,31.11111111,23.33333333,27.22222222,0,,43,4,14,1.07,,,88,74,81,0,,,,,,,,,,,,
10001,1943-4-15,30.48,,30,21.66666667,25.55555556,0,,43,4,15,1.2,,,86,71,78,0,,,,,,,,,,,,
10001,1943-4-16,0,,31.66666667,23.33333333,27.22222222,0,,43,4,16,0,,,89,74,81,0,,,,,,,,,,,,
10001,1943-4-17,0,,30.55555556,23.88888889,27.22222222,0,,43,4,17,0,,,87,75,81,0,,,,,,,,,,,,
10001,1943-4-18,T,,31.11111111,23.88888889,27.22222222,0,,43,4,18,T,,,88,75,81,0,,,,,,,,,,,,
10001,1943-4-19,0,,31.66666667,23.88888889,27.77777778,0,,43,4,19,0,,,89,75,82,0,,,,,,,,,,,,
10001,1943-4-20,0,,31.66666667,22.77777778,27.22222222,0,,43,4,20,0,,,89,73,81,0,,,,,,,,,,,,
10001,1943-4-21,T,,31.11111111,23.33333333,27.22222222,0,,43,4,21,T,,,88,74,81,0,,,,,,,,,,,,
10001,1943-4-22,0,,31.11111111,23.33333333,27.22222222,0,,43,4,22,0,,,88,74,81,0,,,,,,,,,,,,
10001,1943-4-23,0,,31.66666667,25.55555556,28.33333333,0,,43,4,23,0,,,89,78,83,0,,,,,,,,,,,,
10001,1943-4-24,0,,32.77777778,22.77777778,27.77777778,0,,43,4,24,0,,,91,73,82,0,,,,,,,,,,,,
10001,1943-4-25,0,,31.66666667,24.44444444,27.77777778,0,,43,4,25,0,,,89,76,82,0,,,,,,,,,,,,
10001,1943-4-26,4.064,,30,22.77777778,26.11111111,0,,43,4,26,0.16,,,86,73,79,0,,,,,,,,,,,,
10001,1943-4-27,0,,31.66666667,23.33333333,27.22222222,0,,43,4,27,0,,,89,74,81,0,,,,,,,,,,,,
10001,1943-4-28,0,,31.11111111,24.44444444,27.77777778,0,,43,4,28,0,,,88,76,82,0,,,,,,,,,,,,
10001,1943-4-29,0,,31.11111111,24.44444444,27.77777778,0,,43,4,29,0,,,88,76,82,0,,,,,,,,,,,,
10001,1943-4-30,0,,32.22222222,23.88888889,27.77777778,0,,43,4,30,0,,,90,75,82,0,,,,,,,,,,,,
10001,1943-5-1,3.556,,30,20,25,0,,43,5,1,0.14,,,86,68,77,0,,,,,,,,,,,,
10001,1943-5-2,45.212,,30,21.11111111,25.55555556,0,,43,5,2,1.78,,,86,70,78,0,,,,,,,,,,,,
10001,1943-5-3,0,,30,22.22222222,26.11111111,0,,43,5,3,0,,,86,72,79,0,,,,,,,,,,,,
10001,1943-5-4,0,,31.66666667,20.55555556,26.11111111,0,,43,5,4,0,,,89,69,79,0,,,,,,,,,,,,
10001,1943-5-5,0.254,,31.66666667,22.22222222,26.66666667,0,,43,5,5,0.01,,,89,72,80,0,,,,,,,,,,,,
10001,1943-5-6,0,,31.66666667,22.77777778,27.22222222,0,,43,5,6,0,,,89,73,81,0,,,,,,,,,,,,
10001,1943-5-7,0,,31.66666667,23.33333333,27.22222222,0,,43,5,7,0,,,89,74,81,0,,,,,,,,,,,,
10001,1943-5-8,0,,32.22222222,23.33333333,27.77777778,0,,43,5,8,0,,,90,74,82,0,,,,,,,,,,,,
10001,1943-5-9,0,,32.22222222,24.44444444,28.33333333,0,,43,5,9,0,,,90,76,83,0,,,,,,,,,,,,
10001,1943-5-10,0,,30.55555556,22.22222222,26.11111111,0,,43,5,10,0,,,87,72,79,0,,,,,,,,,,,,
10001,1943-5-11,0,,30,22.77777778,26.11111111,0,,43,5,11,0,,,86,73,79,0,,,,,,,,,,,,
10001,1943-5-12,10.668,,31.11111111,22.77777778,26.66666667,0,,43,5,12,0.42,,,88,73,80,0,,,,,,,,,,,,
10001,1943-5-13,T,,30,22.77777778,26.11111111,0,,43,5,13,T,,,86,73,79,0,,,,,,,,,,,,
10001,1943-5-14,0,,32.77777778,22.22222222,24.44444444,0,,43,5,14,0,,,91,72,76,0,,,,,,,,,,,,
10001,1943-5-15,0.508,,32.77777778,22.22222222,27.22222222,0,,43,5,15,0.02,,,91,72,81,0,,,,,,,,,,,,
10001,1943-5-16,T,,30,21.66666667,25.55555556,0,,43,5,16,T,,,86,71,78,0,,,,,,,,,,,,
10001,1943-5-17,T,,33.33333333,22.77777778,27.77777778,0,,43,5,17,T,,,92,73,82,0,,,,,,,,,,,,
10001,1943-5-18,T,,31.66666667,23.33333333,27.22222222,0,,43,5,18,T,,,89,74,81,0,,,,,,,,,,,,
10001,1943-5-19,T,,29.44444444,22.22222222,25.55555556,0,,43,5,19,T,,,85,72,78,0,,,,,,,,,,,,
10001,1943-5-20,0,,30.55555556,23.33333333,26.66666667,0,,43,5,20,0,,,87,74,80,0,,,,,,,,,,,,
10001,1943-5-21,0,,31.11111111,22.77777778,26.66666667,0,,43,5,21,0,,,88,73,80,0,,,,,,,,,,,,
10001,1943-5-22,2.794,,30.55555556,20.55555556,25.55555556,0,,43,5,22,0.11,,,87,69,78,0,,,,,,,,,,,,
10001,1943-5-23,15.494,,28.88888889,22.77777778,25.55555556,0,,43,5,23,0.61,,,84,73,78,0,,,,,,,,,,,,
10001,1943-5-24,57.658,,27.77777778,22.22222222,25,0,,43,5,24,2.27,,,82,72,77,0,,,,,,,,,,,,
10001,1943-5-25,0.254,,28.88888889,22.22222222,25.55555556,0,,43,5,25,0.01,,,84,72,78,0,,,,,,,,,,,,
10001,1943-5-26,0,,30,21.66666667,25.55555556,0,,43,5,26,0,,,86,71,78,0,,,,,,,,,,,,
10001,1943-5-27,0,,28.88888889,22.22222222,25.55555556,0,,43,5,27,0,,,84,72,78,0,,,,,,,,,,,,
10001,1943-5-28,0.254,,29.44444444,22.77777778,26.11111111,0,,43,5,28,0.01,,,85,73,79,0,,,,,,,,,,,,
10001,1943-5-29,58.166,,26.66666667,21.11111111,23.88888889,0,,43,5,29,2.29,,,80,70,75,0,,,,,,,,,,,,
10001,1943-5-30,T,,30,20,25,0,,43,5,30,T,,,86,68,77,0,,,,,,,,,,,,
10001,1943-5-31,0.762,,29.44444444,22.22222222,25.55555556,0,,43,5,31,0.03,,,85,72,78,0,,,,,,,,,,,,
10001,1943-6-1,0,,30.55555556,22.77777778,26.66666667,0,,43,6,1,0,,,87,73,80,0,,,,,,,,,,,,
10001,1943-6-2,0,,31.11111111,22.77777778,26.66666667,0,,43,6,2,0,,,88,73,80,0,,,,,,,,,,,,
10001,1943-6-3,0,,31.11111111,22.77777778,26.66666667,0,,43,6,3,0,,,88,73,80,0,,,,,,,,,,,,
10001,1943-6-4,11.43,,25,20,22.77777778,0,,43,6,4,0.45,,,77,68,73,0,,,,,,,,,,,,
10001,1943-6-5,0,,30.55555556,20.55555556,25.55555556,0,,43,6,5,0,,,87,69,78,0,,,,,,,,,,,,
10001,1943-6-6,T,,29.44444444,22.77777778,23.33333333,0,,43,6,6,T,,,85,73,74,0,,,,,,,,,,,,
10001,1943-6-7,T,,31.11111111,22.77777778,27.22222222,0,,43,6,7,T,,,88,73,81,0,,,,,,,,,,,,
10001,1943-6-8,31.242,,28.88888889,22.77777778,26.11111111,0,,43,6,8,1.23,,,84,73,79,0,,,,,,,,,,,,
10001,1943-6-9,17.78,,27.22222222,23.88888889,25.55555556,0,,43,6,9,0.7,,,81,75,78,0,,,,,,,,,,,,
10001,1943-6-10,26.924,,27.77777778,21.66666667,25,0,,43,6,10,1.06,,,82,71,77,0,,,,,,,,,,,,
10001,1943-6-11,1.016,,29.44444444,21.66666667,25.55555556,0,,43,6,11,0.04,,,85,71,78,0,,,,,,,,,,,,
10001,1943-6-12,0,,30.55555556,21.11111111,26.11111111,0,,43,6,12,0,,,87,70,79,0,,,,,,,,,,,,
10001,1943-6-13,T,,30,22.77777778,26.66666667,0,,43,6,13,T,,,86,73,80,0,,,,,,,,,,,,
10001,1943-6-14,2.54,,28.88888889,22.22222222,25.55555556,0,,43,6,14,0.1,,,84,72,78,0,,,,,,,,,,,,
10001,1943-6-15,26.67,,27.22222222,21.66666667,24.44444444,0,,43,6,15,1.05,,,81,71,76,0,,,,,,,,,,,,
10001,1943-6-16,6.604,,25.55555556,21.66666667,23.88888889,0,,43,6,16,0.26,,,78,71,75,0,,,,,,,,,,,,
10001,1943-6-17,T,,28.33333333,20.55555556,24.44444444,0,,43,6,17,T,,,83,69,76,0,,,,,,,,,,,,
10001,1943-6-18,T,,30,21.66666667,26.11111111,0,,43,6,18,T,,,86,71,79,0,,,,,,,,,,,,
10001,1943-6-19,T,,30,22.22222222,26.11111111,0,,43,6,19,T,,,86,72,79,0,,,,,,,,,,,,
10001,1943-6-20,5.334,,28.33333333,21.11111111,24.44444444,0,,43,6,20,0.21,,,83,70,76,0,,,,,,,,,,,,
10001,1943-6-21,0.254,,27.77777778,21.66666667,24.44444444,0,,43,6,21,0.01,,,82,71,76,0,,,,,,,,,,,,
10001,1943-6-22,T,,27.77777778,22.77777778,25.55555556,0,,43,6,22,T,,,82,73,78,0,,,,,,,,,,,,
10001,1943-6-23,4.826,,27.77777778,21.11111111,24.44444444,0,,43,6,23,0.19,,,82,70,76,0,,,,,,,,,,,,
10001,1943-6-24,7.62,,27.77777778,21.11111111,24.44444444,0,,43,6,24,0.3,,,82,70,76,0,,,,,,,,,,,,
10001,1943-6-25,8.636,,28.33333333,21.11111111,24.44444444,0,,43,6,25,0.34,,,83,70,76,0,,,,,,,,,,,,
10001,1943-6-26,7.874,,24.44444444,22.77777778,23.33333333,0,,43,6,26,0.31,,,76,73,74,0,,,,,,,,,,,,
10001,1943-6-27,6.604,,26.66666667,21.11111111,23.88888889,0,,43,6,27,0.26,,,80,70,75,0,,,,,,,,,,,,
10001,1943-6-28,0,,28.33333333,21.11111111,24.44444444,0,,43,6,28,0,,,83,70,76,0,,,,,,,,,,,,
10001,1943-6-29,T,,28.33333333,22.22222222,25.55555556,0,,43,6,29,T,,,83,72,78,0,,,,,,,,,,,,
10001,1943-6-30,T,,26.66666667,22.22222222,24.44444444,0,,43,6,30,T,,,80,72,76,0,,,,,,,,,,,,
10001,1943-7-1,12.446,,26.66666667,21.66666667,24.44444444,0,,43,7,1,0.49,,,80,71,76,0,,,,,,,,,,,,
10001,1943-7-2,10.16,,25.55555556,21.66666667,23.33333333,0,,43,7,2,0.4,,,78,71,74,0,,,,,,,,,,,,
10001,1943-7-3,90.932,,23.88888889,21.11111111,22.22222222,0,,43,7,3,3.58,,,75,70,72,0,,,,,,,,,,,,
10001,1943-7-4,13.462,,26.11111111,20.55555556,23.33333333,0,,43,7,4,0.53,,,79,69,74,0,,,,,,,,,,,,
10001,1943-7-5,11.938,,24.44444444,21.11111111,22.77777778,0,,43,7,5,0.47,,,76,70,73,0,,,,,,,,,,,,
10001,1943-7-6,0,,28.33333333,26.66666667,27.77777778,0,,43,7,6,0,,,83,80,82,0,,,,,,,,,,,,
10001,1943-7-7,0.508,,26.66666667,22.22222222,24.44444444,0,,43,7,7,0.02,,,80,72,76,0,,,,,,,,,,,,
10001,1943-7-8,1.778,,27.22222222,22.77777778,25,0,,43,7,8,0.07,,,81,73,77,0,,,,,,,,,,,,
10001,1943-7-9,2.54,,26.66666667,21.11111111,24.44444444,0,,43,7,9,0.1,,,80,70,76,0,,,,,,,,,,,,
10001,1943-7-10,0,,26.66666667,20.55555556,23.88888889,0,,43,7,10,0,,,80,69,75,0,,,,,,,,,,,,
10001,1943-7-11,T,,26.11111111,20.55555556,23.33333333,0,,43,7,11,T,,,79,69,74,0,,,,,,,,,,,,
10001,1943-7-12,0,,25.55555556,20.55555556,23.33333333,0,,43,7,12,0,,,78,69,74,0,,,,,,,,,,,,
10001,1943-7-13,0,,27.77777778,22.77777778,25.55555556,0,,43,7,13,0,,,82,73,78,0,,,,,,,,,,,,
10001,1943-7-14,0,,27.22222222,21.11111111,24.44444444,0,,43,7,14,0,,,81,70,76,0,,,,,,,,,,,,
10001,1943-7-15,0.254,,26.11111111,20.55555556,23.33333333,0,,43,7,15,0.01,,,79,69,74,0,,,,,,,,,,,,
10001,1943-7-16,0,,28.33333333,21.11111111,24.44444444,0,,43,7,16,0,,,83,70,76,0,,,,,,,,,,,,
10001,1943-7-17,T,,27.22222222,20.55555556,23.88888889,0,,43,7,17,T,,,81,69,75,0,,,,,,,,,,,,
10001,1943-7-18,5.842,,26.11111111,21.11111111,23.33333333,0,,43,7,18,0.23,,,79,70,74,0,,,,,,,,,,,,
10001,1943-7-19,0,,26.11111111,20.55555556,23.33333333,0,,43,7,19,0,,,79,69,74,0,,,,,,,,,,,,
10001,1943-7-20,0,,27.22222222,21.11111111,24.44444444,0,,43,7,20,0,,,81,70,76,0,,,,,,,,,,,,
10001,1943-7-21,T,,26.11111111,21.11111111,23.88888889,0,,43,7,21,T,,,79,70,75,0,,,,,,,,,,,,
10001,1943-7-22,0.254,,25.55555556,21.11111111,23.33333333,0,,43,7,22,0.01,,,78,70,74,0,,,,,,,,,,,,
10001,1943-7-23,0,,26.66666667,20.55555556,23.88888889,0,,43,7,23,0,,,80,69,75,0,,,,,,,,,,,,
10001,1943-7-24,0,,27.22222222,21.11111111,24.44444444,0,,43,7,24,0,,,81,70,76,0,,,,,,,,,,,,
10001,1943-7-25,0,,26.11111111,20,23.33333333,0,,43,7,25,0,,,79,68,74,0,,,,,,,,,,,,
10001,1943-7-26,T,,25,21.11111111,22.77777778,0,,43,7,26,T,,,77,70,73,0,,,,,,,,,,,,
10001,1943-7-27,0,,23.88888889,21.11111111,22.22222222,0,,43,7,27,0,,,75,70,72,0,,,,,,,,,,,,
10001,1943-7-28,T,,25.55555556,21.66666667,23.33333333,0,,43,7,28,T,,,78,71,74,0,,,,,,,,,,,,
10001,1943-7-29,T,,26.11111111,20.55555556,23.33333333,0,,43,7,29,T,,,79,69,74,0,,,,,,,,,,,,
10001,1943-7-30,0,,26.11111111,20,22.77777778,0,,43,7,30,0,,,79,68,73,0,,,,,,,,,,,,
10001,1943-7-31,0.254,,23.33333333,21.11111111,22.22222222,0,,43,7,31,0.01,,,74,70,72,0,,,,,,,,,,,,
10001,1943-8-1,T,,26.11111111,21.11111111,23.88888889,0,1,43,8,1,T,,,79,70,75,0,,,,,,,1,,,,,
10001,1943-8-2,0,,25.55555556,18.88888889,22.22222222,0,,43,8,2,0,,,78,66,72,0,,,,,,,,,,,,
10001,1943-8-3,0,,24.44444444,20,22.22222222,0,,43,8,3,0,,,76,68,72,0,,,,,,,,,,,,
10001,1943-8-4,0,,25,21.66666667,22.77777778,0,,43,8,4,0,,,77,71,73,0,,,,,,,,,,,,
10001,1943-8-5,0,,26.66666667,20.55555556,23.33333333,0,,43,8,5,0,,,80,69,74,0,,,,,,,,,,,,
10001,1943-8-6,0,,26.66666667,19.44444444,23.33333333,0,,43,8,6,0,,,80,67,74,0,,,,,,,,,,,,
10001,1943-8-7,0,,26.66666667,19.44444444,23.33333333,0,,43,8,7,0,,,80,67,74,0,,,,,,,,,,,,
10001,1943-8-8,0.254,,24.44444444,21.11111111,22.77777778,0,1,43,8,8,0.01,,,76,70,73,0,,,,,,,1,,,,,
10001,1943-8-9,T,,26.66666667,21.66666667,24.44444444,0,1,43,8,9,T,,,80,71,76,0,,,,,,,1,,,,,
10001,1943-8-10,T,,27.22222222,21.66666667,24.44444444,0,1,43,8,10,T,,,81,71,76,0,,,,,,,1,,,,,
10001,1943-8-11,0,,25.55555556,19.44444444,22.77777778,0,,43,8,11,0,,,78,67,73,0,,,,,,,,,,,,
10001,1943-8-12,T,,27.22222222,20,23.88888889,0,1,43,8,12,T,,,81,68,75,0,,,,,,,1,,,,,
10001,1943-8-13,0,,21.11111111,20.55555556,20.55555556,0,,43,8,13,0,,,70,69,69,0,,,,,,,,,,,,
10001,1943-8-14,T,,25.55555556,20,22.77777778,0,1,43,8,14,T,,,78,68,73,0,,,,,,,1,,,,,
10001,1943-8-15,0,,26.11111111,20.55555556,23.33333333,0,,43,8,15,0,,,79,69,74,0,,,,,,,,,,,,
10001,1943-8-16,0,,28.33333333,21.66666667,25,0,,43,8,16,0,,,83,71,77,0,,,,,,,,,,,,
10001,1943-8-17,0,,27.77777778,20.55555556,24.44444444,0,,43,8,17,0,,,82,69,76,0,,,,,,,,,,,,
10001,1943-8-18,0,,29.44444444,18.88888889,24.44444444,0,,43,8,18,0,,,85,66,76,0,,,,,,,,,,,,
10001,1943-8-19,0,,27.77777778,20.55555556,24.44444444,0,,43,8,19,0,,,82,69,76,0,,,,,,,,,,,,
10001,1943-8-20,0,,27.77777778,18.88888889,23.33333333,0,,43,8,20,0,,,82,66,74,0,,,,,,,,,,,,
10001,1943-8-21,0,,26.66666667,21.11111111,23.88888889,0,,43,8,21,0,,,80,70,75,0,,,,,,,,,,,,
10001,1943-8-22,0,,26.66666667,20.55555556,23.88888889,0,,43,8,22,0,,,80,69,75,0,,,,,,,,,,,,
10001,1943-8-23,T,,27.22222222,21.11111111,24.44444444,0,1,43,8,23,T,,,81,70,76,0,,,,,,,1,,,,,
10001,1943-8-24,T,,28.33333333,21.11111111,25,0,1,43,8,24,T,,,83,70,77,0,,,,,,,1,,,,,
10001,1943-8-25,1.778,,24.44444444,21.11111111,22.77777778,0,1,43,8,25,0.07,,,76,70,73,0,,,,,,,1,,,,,
10001,1943-8-26,2.54,,25,21.66666667,23.33333333,0,1,43,8,26,0.1,,,77,71,74,0,,,,,,,1,,,,,
10001,1943-8-27,0.508,,25.55555556,20,22.77777778,0,1,43,8,27,0.02,,,78,68,73,0,,,,,,,1,,,,,
10001,1943-8-28,T,,27.77777778,20.55555556,24.44444444,0,1,43,8,28,T,,,82,69,76,0,,,,,,,1,,,,,
10001,1943-8-29,T,,26.11111111,21.11111111,23.88888889,0,,43,8,29,T,,,79,70,75,0,,,,,,,,,,,,
10001,1943-8-30,0,,26.11111111,20.55555556,23.33333333,0,,43,8,30,0,,,79,69,74,0,,,,,,,,,,,,
10001,1943-8-31,1.016,,26.66666667,20.55555556,23.88888889,0,1,43,8,31,0.04,,,80,69,75,0,,,,,,,1,,,,,
10001,1943-9-1,0.762,,26.66666667,20,23.33333333,0,1,43,9,1,0.03,,,80,68,74,0,,,,,,,1,,,,,
10001,1943-9-2,T,,25,20,22.77777778,0,1,43,9,2,T,,,77,68,73,0,,,,,,,1,,,,,
10001,1943-9-3,T,,26.11111111,20.55555556,23.33333333,0,1,43,9,3,T,,,79,69,74,0,,,,,,,1,,,,,
10001,1943-9-4,0.508,,27.22222222,20.55555556,23.88888889,0,1,43,9,4,0.02,,,81,69,75,0,,,,,,,1,,,,,
10001,1943-9-5,0.508,,27.77777778,20.55555556,24.44444444,0,1,43,9,5,0.02,,,82,69,76,0,,,,,,,1,,,,,
10001,1943-9-6,0,,31.11111111,21.11111111,26.11111111,0,,43,9,6,0,,,88,70,79,0,,,,,,,,,,,,
10001,1943-9-7,T,,27.22222222,18.33333333,25.55555556,0,1,43,9,7,T,,,81,65,78,0,,,,,,,1,,,,,
10001,1943-9-8,T,,27.22222222,20.55555556,23.88888889,0,1,43,9,8,T,,,81,69,75,0,,,,,,,1,,,,,
10001,1943-9-9,4.826,,26.11111111,20.55555556,23.33333333,0,1,43,9,9,0.19,,,79,69,74,0,,,,,,,1,,,,,
10001,1943-9-10,0.762,,27.22222222,22.22222222,24.44444444,0,1,43,9,10,0.03,,,81,72,76,0,,,,,,,1,,,,,
10001,1943-9-11,0,,27.77777778,20,23.88888889,0,,43,9,11,0,,,82,68,75,0,,,,,,,,,,,,
10001,1943-9-12,T,,27.22222222,22.22222222,25,0,1,43,9,12,T,,,81,72,77,0,,,,,,,1,,,,,
10001,1943-9-13,0,,29.44444444,20.55555556,25,0,,43,9,13,0,,,85,69,77,0,,,,,,,,,,,,
10001,1943-9-14,0,,28.88888889,21.11111111,25,0,,43,9,14,0,,,84,70,77,0,,,,,,,,,,,,
10001,1943-9-15,T,,26.66666667,21.11111111,23.88888889,0,1,43,9,15,T,,,80,70,75,0,,,,,,,1,,,,,
10001,1943-9-16,T,,27.77777778,21.66666667,25,0,1,43,9,16,T,,,82,71,77,0,,,,,,,1,,,,,
10001,1943-9-17,T,,28.88888889,20.55555556,25,0,1,43,9,17,T,,,84,69,77,0,,,,,,,1,,,,,
10001,1943-9-18,T,,29.44444444,20.55555556,25,0,1,43,9,18,T,,,85,69,77,0,,,,,,,1,,,,,
10001,1943-9-19,0.254,,27.77777778,21.66666667,25,0,1,43,9,19,0.01,,,82,71,77,0,,,,,,,1,,,,,
10001,1943-9-20,T,,27.77777778,20.55555556,25,0,1,43,9,20,T,,,82,69,77,0,,,,,,,1,,,,,
10001,1943-9-21,T,,29.44444444,20.55555556,25,0,1,43,9,21,T,,,85,69,77,0,,,,,,,1,,,,,
10001,1943-9-22,0,,28.88888889,21.11111111,25,0,,43,9,22,0,,,84,70,77,0,,,,,,,,,,,,
10001,1943-9-23,T,,28.33333333,22.22222222,25.55555556,0,1,43,9,23,T,,,83,72,78,0,,,,,,,1,,,,,
10001,1943-9-24,T,,28.88888889,23.33333333,26.11111111,0,1,43,9,24,T,,,84,74,79,0,,,,,,,1,,,,,
10001,1943-9-25,T,,28.88888889,21.11111111,25,0,1,43,9,25,T,,,84,70,77,0,,,,,,,1,,,,,
10001,1943-9-26,0.254,,28.88888889,21.11111111,25,0,1,43,9,26,0.01,,,84,70,77,0,,,,,,,1,,,,,
10001,1943-9-27,T,,28.88888889,21.66666667,25.55555556,0,1,43,9,27,T,,,84,71,78,0,,,,,,,1,,,,,
10001,1943-9-28,4.318,,28.88888889,21.11111111,25,0,1,43,9,28,0.17,,,84,70,77,0,,,,,,,1,,,,,
10001,1943-9-29,T,,29.44444444,20.55555556,25,0,,43,9,29,T,,,85,69,77,0,,,,,,,,,,,,
10001,1943-9-30,6.096,,26.11111111,22.22222222,24.44444444,0,1,43,9,30,0.24,,,79,72,76,0,,,,,,,1,,,,,
10001,1943-10-1,T,,28.33333333,22.22222222,25.55555556,0,1,43,10,1,T,,,83,72,78,0,,,,,,,1,,,,,
10001,1943-10-2,0.254,,28.33333333,22.77777778,25.55555556,0,1,43,10,2,0.01,,,83,73,78,0,,,,,,,1,,,,,
10001,1943-10-3,2.032,,31.11111111,21.11111111,26.11111111,0,1,43,10,3,0.08,,,88,70,79,0,,,,,,,1,,,,,
10001,1943-10-4,2.032,,26.66666667,22.22222222,24.44444444,0,1,43,10,4,0.08,,,80,72,76,0,,,,,,,1,,,,,
10001,1943-10-5,9.144,,30,21.11111111,25.55555556,0,1,43,10,5,0.36,,,86,70,78,0,,,,,,,1,,,,,
10001,1943-10-6,0,,29.44444444,20.55555556,25,0,1,43,10,6,0,,,85,69,77,0,,,,,,,1,,,,,
10001,1943-10-7,1.016,,28.88888889,21.11111111,25,0,1,43,10,7,0.04,,,84,70,77,0,,,,,,,1,,,,,
10001,1943-10-8,0.254,,30,22.22222222,24.44444444,0,1,43,10,8,0.01,,,86,72,76,0,,,,,,,1,,,,,
10001,1943-10-9,T,,30.55555556,22.77777778,26.66666667,0,1,43,10,9,T,,,87,73,80,0,,,,,,,1,,,,,
10001,1943-10-10,0,,30,23.33333333,26.66666667,0,,43,10,10,0,,,86,74,80,0,,,,,,,,,,,,
10001,1943-10-11,T,,30,21.66666667,25.55555556,0,1,43,10,11,T,,,86,71,78,0,,,,,,,1,,,,,
10001,1943-10-12,0,,30,22.77777778,26.11111111,0,,43,10,12,0,,,86,73,79,0,,,,,,,,,,,,
10001,1943-10-13,0,,30.55555556,21.66666667,26.11111111,0,,43,10,13,0,,,87,71,79,0,,,,,,,,,,,,
10001,1943-10-14,T,,31.66666667,21.66666667,26.66666667,0,1,43,10,14,T,,,89,71,80,0,,,,,,,1,,,,,
10001,1943-10-15,0,,31.66666667,22.77777778,27.77777778,0,,43,10,15,0,,,89,73,82,0,,,,,,,,,,,,
10001,1943-10-16,T,,31.66666667,21.11111111,26.66666667,0,1,43,10,16,T,,,89,70,80,0,,,,,,,1,,,,,
10001,1943-10-17,0.254,,32.22222222,22.22222222,27.22222222,0,1,43,10,17,0.01,,,90,72,81,0,,,,,,,1,,,,,
10001,1943-10-18,0,,31.66666667,22.77777778,27.22222222,0,,43,10,18,0,,,89,73,81,0,,,,,,,,,,,,
10001,1943-10-19,T,,31.66666667,22.77777778,27.22222222,0,1,43,10,19,T,,,89,73,81,0,,,,,,,1,,,,,
10001,1943-10-20,0,,31.66666667,21.66666667,26.66666667,0,1,43,10,20,0,,,89,71,80,0,,,,,,,1,,,,,
10001,1943-10-21,0,,32.22222222,21.66666667,27.22222222,0,,43,10,21,0,,,90,71,81,0,,,,,,,,,,,,
10001,1943-10-22,T,,31.66666667,22.22222222,27.22222222,0,1,43,10,22,T,,,89,72,81,0,,,,,,,1,,,,,
10001,1943-10-23,T,,31.66666667,22.77777778,27.22222222,0,1,43,10,23,T,,,89,73,81,0,,,,,,,1,,,,,
10001,1943-10-24,0,,32.77777778,22.22222222,27.77777778,0,,43,10,24,0,,,91,72,82,0,,,,,,,,,,,,
10001,1943-10-25,6.604,,30,23.88888889,26.66666667,0,1,43,10,25,0.26,,,86,75,80,0,,,,,,,1,,,,,
10001,1943-10-26,4.572,,29.44444444,22.22222222,25.55555556,0,1,43,10,26,0.18,,,85,72,78,0,,,,,,,1,,,,,
10001,1943-10-27,0,,31.11111111,22.22222222,26.66666667,0,,43,10,27,0,,,88,72,80,0,,,,,,,,,,,,
10001,1943-10-28,0,,31.11111111,22.22222222,26.66666667,0,,43,10,28,0,,,88,72,80,0,,,,,,,,,,,,
10001,1943-10-29,0,,31.11111111,21.66666667,26.66666667,0,,43,10,29,0,,,88,71,80,0,,,,,,,,,,,,
10001,1943-10-30,9.906,,31.11111111,23.33333333,27.77777778,0,1,43,10,30,0.39,,,88,74,82,0,,,,,,,1,,,,,
10001,1943-10-31,T,,32.22222222,22.77777778,27.77777778,0,1,43,10,31,T,,,90,73,82,0,,,,,,,1,,,,,
10001,1943-11-1,0,,31.66666667,22.77777778,27.22222222,0,,43,11,1,0,,,89,73,81,0,,,,,,,,,,,,
10001,1943-11-2,0,,31.66666667,23.88888889,27.77777778,0,,43,11,2,0,,,89,75,82,0,,,,,,,,,,,,
10001,1943-11-3,0,,32.22222222,23.33333333,27.77777778,0,,43,11,3,0,,,90,74,82,0,,,,,,,,,,,,
10001,1943-11-4,0.254,,31.11111111,22.77777778,26.66666667,0,1,43,11,4,0.01,,,88,73,80,0,,,,,,,1,,,,,
10001,1943-11-5,T,,29.44444444,22.77777778,26.11111111,0,1,43,11,5,T,,,85,73,79,0,,,,,,,1,,,,,
10001,1943-11-6,0,,31.66666667,21.66666667,26.66666667,0,,43,11,6,0,,,89,71,80,0,,,,,,,,,,,,
10001,1943-11-7,0,,32.22222222,22.77777778,27.77777778,0,,43,11,7,0,,,90,73,82,0,,,,,,,,,,,,
10001,1943-11-8,0,,32.22222222,22.22222222,27.22222222,0,,43,11,8,0,,,90,72,81,0,,,,,,,,,,,,
10001,1943-11-9,T,,32.22222222,22.77777778,27.22222222,0,1,43,11,9,T,,,90,73,81,0,,,,,,,1,,,,,
10001,1943-11-10,0,,31.66666667,23.33333333,27.77777778,0,,43,11,10,0,,,89,74,82,0,,,,,,,,,,,,
10001,1943-11-11,0.762,,31.11111111,23.33333333,27.22222222,0,,43,11,11,0.03,,,88,74,81,0,,,,,,,,,,,,
10001,1943-11-12,T,,28.88888889,21.66666667,25.55555556,0,1,43,11,12,T,,,84,71,78,0,,,,,,,1,,,,,
10001,1943-11-13,0.254,,30,21.66666667,26.11111111,0,1,43,11,13,0.01,,,86,71,79,0,,,,,,,1,,,,,
10001,1943-11-14,4.064,,31.66666667,21.11111111,26.66666667,0,,43,11,14,0.16,,,89,70,80,0,,,,,,,,,,,,
10001,1943-11-15,0.508,,31.66666667,21.66666667,26.66666667,0,1,43,11,15,0.02,,,89,71,80,0,,,,,,,1,,,,,
10001,1943-11-16,0,,31.11111111,22.22222222,26.66666667,0,,43,11,16,0,,,88,72,80,0,,,,,,,,,,,,
10001,1943-11-17,0,,31.66666667,22.22222222,27.22222222,0,,43,11,17,0,,,89,72,81,0,,,,,,,,,,,,
10001,1943-11-18,0,,31.11111111,22.22222222,26.66666667,0,,43,11,18,0,,,88,72,80,0,,,,,,,,,,,,
10001,1943-11-19,0,,32.22222222,23.88888889,28.33333333,0,,43,11,19,0,,,90,75,83,0,,,,,,,,,,,,
10001,1943-11-20,0,,31.66666667,23.33333333,27.77777778,0,,43,11,20,0,,,89,74,82,0,,,,,,,,,,,,
10001,1943-11-21,0,,32.22222222,23.88888889,27.77777778,0,,43,11,21,0,,,90,75,82,0,,,,,,,,,,,,
10001,1943-11-22,0,,32.22222222,23.33333333,27.77777778,0,,43,11,22,0,,,90,74,82,0,,,,,,,,,,,,
10001,1943-11-23,9.652,,30,23.33333333,26.66666667,0,1,43,11,23,0.38,,,86,74,80,0,,,,,,,1,,,,,
10001,1943-11-24,0,,31.66666667,23.88888889,27.77777778,0,,43,11,24,0,,,89,75,82,0,,,,,,,,,,,,
10001,1943-11-25,1.524,,30.55555556,23.33333333,27.22222222,0,1,43,11,25,0.06,,,87,74,81,0,,,,,,,1,,,,,
10001,1943-11-26,0,,32.77777778,23.33333333,28.33333333,0,,43,11,26,0,,,91,74,83,0,,,,,,,,,,,,
10001,1943-11-27,13.97,,32.22222222,22.22222222,27.22222222,0,1,43,11,27,0.55,,,90,72,81,0,,,,,,,1,,,,,
10001,1943-11-28,0,,31.11111111,21.66666667,26.66666667,0,,43,11,28,0,,,88,71,80,0,,,,,,,,,,,,
10001,1943-11-29,0,,32.77777778,23.33333333,28.33333333,0,,43,11,29,0,,,91,74,83,0,,,,,,,,,,,,
10001,1943-11-30,0,,32.77777778,22.77777778,27.77777778,0,,43,11,30,0,,,91,73,82,0,,,,,,,,,,,,
10001,1943-12-1,0,,31.66666667,22.22222222,26.66666667,0,,43,12,1,0,,,89,72,80,0,,,,,,,,,,,,
10001,1943-12-2,0,,32.77777778,23.33333333,27.77777778,0,,43,12,2,0,,,91,74,82,0,,,,,,,,,,,,
10001,1943-12-3,0,,31.66666667,23.88888889,27.77777778,0,,43,12,3,0,,,89,75,82,0,,,,,,,,,,,,
10001,1943-12-4,0,,32.22222222,24.44444444,28.33333333,0,,43,12,4,0,,,90,76,83,0,,,,,,,,,,,,
10001,1943-12-5,0,,32.22222222,24.44444444,28.33333333,0,,43,12,5,0,,,90,76,83,0,,,,,,,,,,,,
10001,1943-12-6,0,,32.77777778,23.88888889,28.33333333,0,,43,12,6,0,,,91,75,83,0,,,,,,,,,,,,
10001,1943-12-7,0,,33.33333333,23.88888889,28.88888889,0,,43,12,7,0,,,92,75,84,0,,,,,,,,,,,,
10001,1943-12-8,0,,31.11111111,23.33333333,27.22222222,0,,43,12,8,0,,,88,74,81,0,,,,,,,,,,,,
10001,1943-12-9,0,,32.77777778,22.77777778,27.77777778,0,,43,12,9,0,,,91,73,82,0,,,,,,,,,,,,
10001,1943-12-10,0,,32.22222222,23.88888889,27.77777778,0,,43,12,10,0,,,90,75,82,0,,,,,,,,,,,,
10001,1943-12-11,0,,32.77777778,23.88888889,28.33333333,0,,43,12,11,0,,,91,75,83,0,,,,,,,,,,,,
10001,1943-12-12,0,,32.77777778,23.33333333,27.77777778,0,,43,12,12,0,,,91,74,82,0,,,,,,,,,,,,
10001,1943-12-13,6.35,,32.22222222,23.33333333,27.77777778,0,1,43,12,13,0.25,,,90,74,82,0,,,,,,,1,,,,,
10001,1943-12-14,0,,31.11111111,23.33333333,27.22222222,0,,43,12,14,0,,,88,74,81,0,,,,,,,,,,,,
10001,1943-12-15,T,,32.77777778,23.33333333,27.77777778,0,1,43,12,15,T,,,91,74,82,0,,,,,,,1,,,,,
10001,1943-12-16,0,,32.77777778,23.33333333,27.77777778,0,,43,12,16,0,,,91,74,82,0,,,,,,,,,,,,
10001,1943-12-17,0,,31.66666667,23.33333333,27.77777778,0,,43,12,17,0,,,89,74,82,0,,,,,,,,,,,,
10001,1943-12-18,0,,32.22222222,23.88888889,27.77777778,0,,43,12,18,0,,,90,75,82,0,,,,,,,,,,,,
10001,1943-12-19,0,,32.22222222,23.88888889,27.77777778,0,,43,12,19,0,,,90,75,82,0,,,,,,,,,,,,
10001,1943-12-20,0,,32.77777778,23.88888889,28.33333333,0,,43,12,20,0,,,91,75,83,0,,,,,,,,,,,,
10001,1943-12-21,0,,32.77777778,23.33333333,27.77777778,0,,43,12,21,0,,,91,74,82,0,,,,,,,,,,,,
10001,1943-12-22,0,,33.88888889,23.88888889,28.88888889,0,,43,12,22,0,,,93,75,84,0,,,,,,,,,,,,
10001,1943-12-23,0,,32.77777778,22.77777778,27.77777778,0,,43,12,23,0,,,91,73,82,0,,,,,,,,,,,,
10001,1943-12-24,0,,35,21.11111111,27.77777778,0,,43,12,24,0,,,95,70,82,0,,,,,,,,,,,,
10001,1943-12-25,0,,32.77777778,22.77777778,27.77777778,0,,43,12,25,0,,,91,73,82,0,,,,,,,,,,,,
10001,1943-12-26,0,,32.22222222,23.88888889,27.77777778,0,,43,12,26,0,,,90,75,82,0,,,,,,,,,,,,
10001,1943-12-27,0,,32.22222222,23.88888889,27.77777778,0,,43,12,27,0,,,90,75,82,0,,,,,,,,,,,,
10001,1943-12-28,T,,31.66666667,23.88888889,27.77777778,0,1,43,12,28,T,,,89,75,82,0,,,,,,,1,,,,,
10001,1943-12-29,0,,29.44444444,22.22222222,25.55555556,0,,43,12,29,0,,,85,72,78,0,,,,,,,,,,,,
10001,1943-12-30,0,,31.66666667,22.22222222,26.66666667,0,,43,12,30,0,,,89,72,80,0,,,,,,,,,,,,
10001,1943-12-31,0,,32.22222222,22.22222222,27.22222222,0,,43,12,31,0,,,90,72,81,0,,,,,,,,,,,,
10001,1944-1-1,0,,32.22222222,22.77777778,27.77777778,0,,44,1,1,0,,,90,73,82,0,,,,,,,,,,,,
10001,1944-1-2,0,,32.22222222,22.77777778,27.77777778,0,,44,1,2,0,,,90,73,82,0,,,,,,,,,,,,
10001,1944-1-3,5.334,,31.11111111,23.33333333,27.22222222,0,1,44,1,3,0.21,,,88,74,81,0,,,,,,,1,,,,,
10001,1944-1-4,0,,31.11111111,23.33333333,27.22222222,0,1,44,1,4,0,,,88,74,81,0,,,,,,,1,,,,,
10001,1944-1-5,0,,31.11111111,23.33333333,27.22222222,0,,44,1,5,0,,,88,74,81,0,,,,,,,,,,,,
10001,1944-1-6,1.778,,27.22222222,22.77777778,25,0,1,44,1,6,0.07,,,81,73,77,0,,,,,,,1,,,,,
10001,1944-1-7,0,,30.55555556,22.22222222,26.66666667,0,,44,1,7,0,,,87,72,80,0,,,,,,,,,,,,
10001,1944-1-8,0,,32.22222222,22.77777778,27.77777778,0,,44,1,8,0,,,90,73,82,0,,,,,,,,,,,,
10001,1944-1-9,0,,32.77777778,22.22222222,27.77777778,0,,44,1,9,0,,,91,72,82,0,,,,,,,,,,,,
10001,1944-1-10,0,,32.77777778,22.77777778,27.77777778,0,,44,1,10,0,,,91,73,82,0,,,,,,,,,,,,
10001,1944-1-11,0,,32.77777778,23.33333333,27.77777778,0,,44,1,11,0,,,91,74,82,0,,,,,,,,,,,,
10001,1944-1-12,0,,31.66666667,24.44444444,27.77777778,0,,44,1,12,0,,,89,76,82,0,,,,,,,,,,,,
10001,1944-1-13,0.762,,30,23.33333333,26.66666667,0,1,44,1,13,0.03,,,86,74,80,0,,,,,,,1,,,,,
10001,1944-1-14,0,,30,21.66666667,25.55555556,0,,44,1,14,0,,,86,71,78,0,,,,,,,,,,,,
10001,1944-1-15,0,,31.11111111,22.22222222,26.66666667,0,,44,1,15,0,,,88,72,80,0,,,,,,,,,,,,
10001,1944-1-16,0,,31.66666667,22.77777778,27.22222222,0,,44,1,16,0,,,89,73,81,0,,,,,,,,,,,,
10001,1944-1-17,0,,32.22222222,23.33333333,27.77777778,0,,44,1,17,0,,,90,74,82,0,,,,,,,,,,,,
10001,1944-1-18,0,,32.22222222,23.33333333,27.77777778,0,,44,1,18,0,,,90,74,82,0,,,,,,,,,,,,
10001,1944-1-19,0,,32.22222222,23.88888889,27.77777778,0,,44,1,19,0,,,90,75,82,0,,,,,,,,,,,,
10001,1944-1-20,0,,32.22222222,23.33333333,27.77777778,0,,44,1,20,0,,,90,74,82,0,,,,,,,,,,,,
10001,1944-1-21,0,,32.22222222,24.44444444,28.33333333,0,,44,1,21,0,,,90,76,83,0,,,,,,,,,,,,
10001,1944-1-22,0,,33.33333333,23.33333333,28.33333333,0,,44,1,22,0,,,92,74,83,0,,,,,,,,,,,,
10001,1944-1-23,0,,33.33333333,23.33333333,28.33333333,0,,44,1,23,0,,,92,74,83,0,,,,,,,,,,,,
10001,1944-1-24,0,,33.33333333,21.66666667,27.77777778,0,,44,1,24,0,,,92,71,82,0,,,,,,,,,,,,
10001,1944-1-25,0,,33.88888889,21.11111111,27.77777778,0,,44,1,25,0,,,93,70,82,0,,,,,,,,,,,,
10001,1944-1-26,0,,32.22222222,21.11111111,26.66666667,0,,44,1,26,0,,,90,70,80,0,,,,,,,,,,,,
10001,1944-1-27,0,,32.77777778,22.22222222,27.77777778,0,,44,1,27,0,,,91,72,82,0,,,,,,,,,,,,
10001,1944-1-28,0,,31.66666667,22.77777778,27.22222222,0,,44,1,28,0,,,89,73,81,0,,,,,,,,,,,,
10001,1944-1-29,0,,31.11111111,24.44444444,27.77777778,0,,44,1,29,0,,,88,76,82,0,,,,,,,,,,,,
10001,1944-1-30,0,,31.11111111,24.44444444,27.77777778,0,,44,1,30,0,,,88,76,82,0,,,,,,,,,,,,
10001,1944-1-31,0,,31.66666667,23.33333333,27.77777778,0,,44,1,31,0,,,89,74,82,0,,,,,,,,,,,,
10001,1944-2-1,0,,30.55555556,23.33333333,26.66666667,0,,44,2,1,0,,,87,74,80,0,,,,,,,,,,,,
10001,1944-2-3,0,,33.33333333,22.22222222,27.77777778,0,,44,2,3,0,,,92,72,82,0,,,,,,,,,,,,
10001,1944-2-4,0,,32.77777778,20.55555556,26.66666667,0,,44,2,4,0,,,91,69,80,0,,,,,,,,,,,,
10001,1944-2-5,0,,32.22222222,23.88888889,27.77777778,0,,44,2,5,0,,,90,75,82,0,,,,,,,,,,,,
10001,1944-2-6,0,,33.33333333,23.88888889,28.88888889,0,,44,2,6,0,,,92,75,84,0,,,,,,,,,,,,
10001,1944-2-7,0,,32.22222222,24.44444444,28.33333333,0,,44,2,7,0,,,90,76,83,0,,,,,,,,,,,,
10001,1944-2-8,0,,32.22222222,24.44444444,28.33333333,0,,44,2,8,0,,,90,76,83,0,,,,,,,,,,,,
10001,1944-2-9,0,,32.77777778,23.33333333,27.77777778,0,,44,2,9,0,,,91,74,82,0,,,,,,,,,,,,
10001,1944-2-10,0,,33.33333333,24.44444444,28.88888889,0,,44,2,10,0,,,92,76,84,0,,,,,,,,,,,,
10001,1944-2-11,0,,32.22222222,25,28.88888889,0,,44,2,11,0,,,90,77,84,0,,,,,,,,,,,,
10001,1944-2-12,0,,32.77777778,24.44444444,28.88888889,0,,44,2,12,0,,,91,76,84,0,,,,,,,,,,,,
10001,1944-2-13,0,,32.22222222,25,28.88888889,0,,44,2,13,0,,,90,77,84,0,,,,,,,,,,,,
10001,1944-2-14,0,,31.66666667,24.44444444,27.77777778,0,,44,2,14,0,,,89,76,82,0,,,,,,,,,,,,
10001,1944-2-15,17.272,,31.66666667,22.77777778,27.22222222,0,,44,2,15,0.68,,,89,73,81,0,,,,,,,,,,,,
10001,1944-2-16,0,,32.22222222,22.22222222,27.22222222,0,1,44,2,16,0,,,90,72,81,0,,,,,,,1,,,,,
10001,1944-2-17,0,,28.88888889,22.77777778,25.55555556,0,,44,2,17,0,,,84,73,78,0,,,,,,,,,,,,
10001,1944-2-18,0,,32.22222222,22.22222222,27.22222222,0,,44,2,18,0,,,90,72,81,0,,,,,,,,,,,,
10001,1944-2-19,0,,32.77777778,24.44444444,28.88888889,0,,44,2,19,0,,,91,76,84,0,,,,,,,,,,,,
10001,1944-2-20,0,,31.66666667,24.44444444,27.77777778,0,,44,2,20,0,,,89,76,82,0,,,,,,,,,,,,
10001,1944-2-21,0.762,,31.66666667,24.44444444,27.77777778,0,1,44,2,21,0.03,,,89,76,82,0,,,,,,,1,,,,,
10001,1944-2-22,0,,31.66666667,22.22222222,26.66666667,0,,44,2,22,0,,,89,72,80,0,,,,,,,,,,,,
10001,1944-2-23,0,,31.66666667,23.88888889,27.77777778,0,,44,2,23,0,,,89,75,82,0,,,,,,,,,,,,
10001,1944-2-24,0,,31.66666667,23.88888889,27.77777778,0,,44,2,24,0,,,89,75,82,0,,,,,,,,,,,,
10001,1944-2-25,T,,31.66666667,22.22222222,26.66666667,0,,44,2,25,T,,,89,72,80,0,,,,,,,,,,,,
10001,1944-2-26,0,,31.66666667,22.77777778,27.22222222,0,1,44,2,26,0,,,89,73,81,0,,,,,,,1,,,,,
10001,1944-2-27,0,,31.66666667,23.33333333,27.77777778,0,,44,2,27,0,,,89,74,82,0,,,,,,,,,,,,
10001,1944-2-28,0,,33.33333333,22.22222222,27.77777778,0,,44,2,28,0,,,92,72,82,0,,,,,,,,,,,,
10001,1944-2-29,0,,31.66666667,23.88888889,27.77777778,0,,44,2,29,0,,,89,75,82,0,,,,,,,,,,,,
10001,1944-3-1,0,,32.77777778,23.33333333,27.77777778,0,,44,3,1,0,,,91,74,82,0,,,,,,,,,,,,
10001,1944-3-2,33.528,,32.77777778,23.33333333,27.77777778,0,,44,3,2,1.32,,,91,74,82,0,,,,,,,,,,,,
10001,1944-3-3,T,,31.66666667,20.55555556,26.11111111,0,1,44,3,3,T,,,89,69,79,0,,,,,,,1,,,,,
10001,1944-3-4,0.254,,32.22222222,23.33333333,27.77777778,0,,44,3,4,0.01,,,90,74,82,0,,,,,,,,,,,,
10001,1944-3-5,0,,32.22222222,21.66666667,26.66666667,0,1,44,3,5,0,,,90,71,80,0,,,,,,,1,,,,,
10001,1944-3-6,0,,32.22222222,22.77777778,27.77777778,0,,44,3,6,0,,,90,73,82,0,,,,,,,,,,,,
10001,1944-3-7,T,,32.77777778,22.22222222,27.77777778,0,,44,3,7,T,,,91,72,82,0,,,,,,,,,,,,
10001,1944-3-8,T,,31.11111111,22.22222222,26.66666667,0,1,44,3,8,T,,,88,72,80,0,,,,,,,1,,,,,
10001,1944-3-9,0,,31.66666667,23.88888889,27.77777778,0,,44,3,9,0,,,89,75,82,0,,,,,,,,,,,,
10001,1944-3-10,0,,32.22222222,23.88888889,27.77777778,0,,44,3,10,0,,,90,75,82,0,,,,,,,,,,,,
10001,1944-3-11,0,,33.33333333,23.33333333,28.33333333,0,,44,3,11,0,,,92,74,83,0,,,,,,,,,,,,
10001,1944-3-12,0,,33.33333333,23.88888889,28.88888889,0,,44,3,12,0,,,92,75,84,0,,,,,,,,,,,,
10001,1944-3-13,1.27,,33.33333333,22.22222222,27.77777778,0,1,44,3,13,0.05,,,92,72,82,0,,,,,,,1,,,,,
10001,1944-3-14,0,,32.22222222,22.22222222,27.22222222,0,1,44,3,14,0,,,90,72,81,0,,,,,,,1,,,,,
10001,1944-3-15,0.508,,32.22222222,23.33333333,27.77777778,0,1,44,3,15,0.02,,,90,74,82,0,,,,,,,1,,,,,
10001,1944-3-16,2.794,,30.55555556,21.11111111,25.55555556,0,1,44,3,16,0.11,,,87,70,78,0,,,,,,,1,,,,,
10001,1944-3-17,0,,32.22222222,22.22222222,27.22222222,0,,44,3,17,0,,,90,72,81,0,,,,,,,,,,,,
10001,1944-3-18,0,,33.33333333,19.44444444,26.66666667,0,,44,3,18,0,,,92,67,80,0,,,,,,,,,,,,
10001,1944-3-19,0,,32.77777778,20.55555556,26.66666667,0,,44,3,19,0,,,91,69,80,0,,,,,,,,,,,,
10001,1944-3-20,T,,33.33333333,22.22222222,27.77777778,0,,44,3,20,T,,,92,72,82,0,,,,,,,,,,,,
10001,1944-3-21,0,,31.66666667,21.66666667,26.66666667,0,1,44,3,21,0,,,89,71,80,0,,,,,,,1,,,,,
10001,1944-3-22,2.54,,32.77777778,22.22222222,27.77777778,0,1,44,3,22,0.1,,,91,72,82,0,,,,,,,1,,,,,
10001,1944-3-23,5.588,,29.44444444,20.55555556,25,0,1,44,3,23,0.22,,,85,69,77,0,,,,,,,1,,,,,
10001,1944-3-24,1.524,,31.66666667,22.22222222,26.66666667,0,1,44,3,24,0.06,,,89,72,80,0,,,,,,,1,,,,,
10001,1944-3-25,0.254,,31.66666667,22.77777778,27.22222222,0,1,44,3,25,0.01,,,89,73,81,0,,,,,,,1,,,,,
10001,1944-3-26,T,,31.66666667,22.77777778,27.22222222,0,1,44,3,26,T,,,89,73,81,0,,,,,,,1,,,,,
10001,1944-3-27,0,,32.77777778,22.22222222,27.77777778,0,1,44,3,27,0,,,91,72,82,0,,,,,,,1,,,,,
10001,1944-3-28,0,,32.22222222,23.33333333,27.77777778,0,,44,3,28,0,,,90,74,82,0,,,,,,,,,,,,
10001,1944-3-29,0,,32.22222222,22.77777778,27.77777778,0,,44,3,29,0,,,90,73,82,0,,,,,,,,,,,,
10001,1944-3-30,0,,33.33333333,23.88888889,28.88888889,0,,44,3,30,0,,,92,75,84,0,,,,,,,,,,,,
10001,1944-3-31,0,,33.33333333,23.88888889,28.88888889,0,,44,3,31,0,,,92,75,84,0,,,,,,,,,,,,
10001,1944-4-1,13.716,,29.44444444,21.11111111,25.55555556,0,1,44,4,1,0.54,,,85,70,78,0,,,,,,,1,,,,,
10001,1944-4-2,0,,32.22222222,22.77777778,27.77777778,0,,44,4,2,0,,,90,73,82,0,,,,,,,,,,,,
10001,1944-4-3,0,,32.77777778,23.33333333,27.77777778,0,,44,4,3,0,,,91,74,82,0,,,,,,,,,,,,
10001,1944-4-4,0,,33.33333333,23.88888889,28.88888889,0,,44,4,4,0,,,92,75,84,0,,,,,,,,,,,,
10001,1944-4-5,0,,33.88888889,24.44444444,28.88888889,0,,44,4,5,0,,,93,76,84,0,,,,,,,,,,,,
10001,1944-4-6,0,,32.22222222,23.33333333,27.77777778,0,,44,4,6,0,,,90,74,82,0,,,,,,,,,,,,
10001,1944-4-7,0,,33.33333333,23.88888889,28.88888889,0,,44,4,7,0,,,92,75,84,0,,,,,,,,,,,,
10001,1944-4-8,0,,33.33333333,23.88888889,28.88888889,0,,44,4,8,0,,,92,75,84,0,,,,,,,,,,,,
10001,1944-4-9,0,,34.44444444,23.88888889,28.88888889,0,,44,4,9,0,,,94,75,84,0,,,,,,,,,,,,
10001,1944-4-10,0,,34.44444444,23.88888889,28.88888889,0,,44,4,10,0,,,94,75,84,0,,,,,,,,,,,,
10001,1944-4-11,0,,33.88888889,23.33333333,28.88888889,0,,44,4,11,0,,,93,74,84,0,,,,,,,,,,,,
10001,1944-4-12,0,,33.88888889,23.88888889,28.88888889,0,,44,4,12,0,,,93,75,84,0,,,,,,,,,,,,
10001,1944-4-13,0,,33.33333333,24.44444444,28.88888889,0,,44,4,13,0,,,92,76,84,0,,,,,,,,,,,,
10001,1944-4-14,0,,35.55555556,25,30,0,,44,4,14,0,,,96,77,86,0,,,,,,,,,,,,
10001,1944-4-15,0,,35,24.44444444,30,0,,44,4,15,0,,,95,76,86,0,,,,,,,,,,,,
10001,1944-4-16,0,,31.66666667,25.55555556,28.88888889,0,,44,4,16,0,,,89,78,84,0,,,,,,,,,,,,
10001,1944-4-17,0,,33.33333333,23.33333333,28.33333333,0,,44,4,17,0,,,92,74,83,0,,,,,,,,,,,,
10001,1944-4-18,5.334,,31.66666667,23.88888889,27.77777778,0,1,44,4,18,0.21,,,89,75,82,0,,,,,,,1,,,,,
10001,1944-4-19,0,,33.88888889,22.22222222,27.77777778,0,,44,4,19,0,,,93,72,82,0,,,,,,,,,,,,
10001,1944-4-20,0,,34.44444444,23.33333333,28.88888889,0,,44,4,20,0,,,94,74,84,0,,,,,,,,,,,,
10001,1944-4-21,0,,35,25,30,0,,44,4,21,0,,,95,77,86,0,,,,,,,,,,,,
10001,1944-4-22,0,,33.33333333,26.66666667,30,0,,44,4,22,0,,,92,80,86,0,,,,,,,,,,,,
10001,1944-4-23,T,,34.44444444,23.88888889,28.88888889,0,1,44,4,23,T,,,94,75,84,0,,,,,,,1,,,,,
10001,1944-4-24,0,,35,23.33333333,28.88888889,0,,44,4,24,0,,,95,74,84,0,,,,,,,,,,,,
10001,1944-4-25,0.508,,33.33333333,23.33333333,28.33333333,0,1,44,4,25,0.02,,,92,74,83,0,,,,,,,1,,,,,
10001,1944-4-26,9.906,,28.33333333,23.33333333,25.55555556,0,1,44,4,26,0.39,,,83,74,78,0,,,,,,,1,,,,,
10001,1944-4-27,0,,33.88888889,24.44444444,28.88888889,0,,44,4,27,0,,,93,76,84,0,,,,,,,,,,,,
10001,1944-4-28,T,,33.33333333,24.44444444,28.88888889,0,,44,4,28,T,,,92,76,84,0,,,,,,,,,,,,
10001,1944-4-29,0,,32.77777778,23.88888889,28.33333333,0,,44,4,29,0,,,91,75,83,0,,,,,,,,,,,,
10001,1944-4-30,0,,32.77777778,23.88888889,28.33333333,0,,44,4,30,0,,,91,75,83,0,,,,,,,,,,,,
10001,1944-5-1,8.128,,33.33333333,22.77777778,27.77777778,0,1,44,5,1,0.32,,,92,73,82,0,,,,,,,1,,,,,
10001,1944-5-2,0,,26.66666667,22.22222222,26.66666667,0,1,44,5,2,0,,,80,72,80,0,,,,,,,1,,,,,
10001,1944-5-3,0.762,,32.77777778,23.88888889,28.33333333,0,1,44,5,3,0.03,,,91,75,83,0,,,,,,,1,,,,,
10001,1944-5-4,0,,33.33333333,22.22222222,27.77777778,0,,44,5,4,0,,,92,72,82,0,,,,,,,,,,,,
10001,1944-5-5,0,,34.44444444,26.66666667,30.55555556,0,,44,5,5,0,,,94,80,87,0,,,,,,,,,,,,
10001,1944-5-6,0,,35,25.55555556,30,0,,44,5,6,0,,,95,78,86,0,,,,,,,,,,,,
10001,1944-5-7,0,,34.44444444,25.55555556,30,0,,44,5,7,0,,,94,78,86,0,,,,,,,,,,,,
10001,1944-5-8,0,,34.44444444,25.55555556,30,0,,44,5,8,0,,,94,78,86,0,,,,,,,,,,,,
10001,1944-5-9,22.352,,30.55555556,22.77777778,26.66666667,0,1,44,5,9,0.88,,,87,73,80,0,,,,,,,1,,,,,
10001,1944-5-10,0.508,,31.11111111,24.44444444,27.77777778,0,1,44,5,10,0.02,,,88,76,82,0,,,,,,,1,,,,,
10001,1944-5-11,0,,32.22222222,25.55555556,28.88888889,0,,44,5,11,0,,,90,78,84,0,,,,,,,,,,,,
10001,1944-5-12,0,,33.33333333,24.44444444,28.88888889,0,,44,5,12,0,,,92,76,84,0,,,,,,,,,,,,
10001,1944-5-13,0,,34.44444444,25.55555556,30,0,,44,5,13,0,,,94,78,86,0,,,,,,,,,,,,
10001,1944-5-14,5.588,,32.77777778,23.33333333,27.77777778,0,1,44,5,14,0.22,,,91,74,82,0,,,,,,,1,,,,,
10001,1944-5-15,0,,32.77777778,22.77777778,27.77777778,0,,44,5,15,0,,,91,73,82,0,,,,,,,,,,,,
10001,1944-5-16,9.144,,27.77777778,21.11111111,24.44444444,0,1,44,5,16,0.36,,,82,70,76,0,,,,,,,1,,,,,
10001,1944-5-17,0,,31.66666667,23.33333333,27.77777778,0,1,44,5,17,0,,,89,74,82,0,,,,,,,1,,,,,
10001,1944-5-18,0,,33.33333333,24.44444444,28.88888889,0,,44,5,18,0,,,92,76,84,0,,,,,,,,,,,,
10001,1944-5-19,T,,33.33333333,25,28.88888889,0,,44,5,19,T,,,92,77,84,0,,,,,,,,,,,,
10001,1944-5-20,3.556,,31.11111111,22.77777778,26.66666667,0,1,44,5,20,0.14,,,88,73,80,0,,,,,,,1,,,,,
10001,1944-5-21,39.116,,29.44444444,23.88888889,26.66666667,0,1,44,5,21,1.54,,,85,75,80,0,,,,,,,1,,,,,
10001,1944-5-22,0,,31.11111111,23.33333333,27.22222222,0,,44,5,22,0,,,88,74,81,0,,,,,,,,,,,,
10001,1944-5-23,0,,31.66666667,23.88888889,27.77777778,0,,44,5,23,0,,,89,75,82,0,,,,,,,,,,,,
10001,1944-5-24,0,,32.77777778,24.44444444,28.88888889,0,,44,5,24,0,,,91,76,84,0,,,,,,,,,,,,
10001,1944-5-25,36.068,,32.77777778,24.44444444,28.88888889,0,1,44,5,25,1.42,,,91,76,84,0,,,,,,,1,,,,,
10001,1944-5-26,6.35,,32.22222222,22.77777778,27.77777778,0,1,44,5,26,0.25,,,90,73,82,0,,,,,,,1,,,,,
10001,1944-5-27,0,,33.33333333,24.44444444,28.88888889,0,,44,5,27,0,,,92,76,84,0,,,,,,,,,,,,
10001,1944-5-28,11.938,,31.66666667,23.33333333,27.77777778,0,1,44,5,28,0.47,,,89,74,82,0,,,,,,,1,,,,,
10001,1944-5-29,98.044,,31.11111111,22.22222222,26.66666667,0,1,44,5,29,3.86,,,88,72,80,0,,,,,,,1,,,,,
10001,1944-5-30,0.508,,31.66666667,22.22222222,26.66666667,0,1,44,5,30,0.02,,,89,72,80,0,,,,,,,1,,,,,
10001,1944-5-31,3.81,,30.55555556,21.11111111,25.55555556,0,1,44,5,31,0.15,,,87,70,78,0,,,,,,,1,,,,,
10001,1944-6-1,0,,32.22222222,22.77777778,27.77777778,0,,44,6,1,0,,,90,73,82,0,,,,,,,,,,,,
10001,1944-6-2,T,,31.66666667,23.88888889,27.77777778,0,,44,6,2,T,,,89,75,82,0,,,,,,,,,,,,
10001,1944-6-3,T,,31.66666667,24.44444444,27.77777778,0,1,44,6,3,T,,,89,76,82,0,,,,,,,1,,,,,
10001,1944-6-4,14.986,,30.55555556,24.44444444,27.77777778,0,1,44,6,4,0.59,,,87,76,82,0,,,,,,,1,,,,,
10001,1944-6-5,0,,32.77777778,23.33333333,27.77777778,0,,44,6,5,0,,,91,74,82,0,,,,,,,,,,,,
10001,1944-6-6,0.762,,32.22222222,23.88888889,27.77777778,0,,44,6,6,0.03,,,90,75,82,0,,,,,,,,,,,,
10001,1944-6-7,5.334,,28.88888889,23.88888889,26.66666667,0,1,44,6,7,0.21,,,84,75,80,0,,,,,,,1,,,,,
10001,1944-6-8,T,,31.66666667,23.88888889,27.77777778,0,1,44,6,8,T,,,89,75,82,0,,,,,,,1,,,,,
10001,1944-6-9,13.462,,31.66666667,21.11111111,26.66666667,0,1,44,6,9,0.53,,,89,70,80,0,,,,,,,1,,,,,
10001,1944-6-10,13.462,,31.11111111,21.11111111,26.11111111,0,1,44,6,10,0.53,,,88,70,79,0,,,,,,,1,,,,,
10001,1944-6-11,6.096,,31.11111111,23.88888889,27.77777778,0,1,44,6,11,0.24,,,88,75,82,0,,,,,,,1,,,,,
10001,1944-6-12,78.232,,30,20.55555556,25.55555556,0,1,44,6,12,3.08,,,86,69,78,0,,,,,,,1,,,,,
10001,1944-6-13,6.604,,28.33333333,21.11111111,24.44444444,0,1,44,6,13,0.26,,,83,70,76,0,,,,,,,1,,,,,
10001,1944-6-14,T,,28.33333333,21.66666667,25,0,1,44,6,14,T,,,83,71,77,0,,,,,,,1,,,,,
10001,1944-6-15,0,,31.66666667,22.22222222,26.66666667,0,,44,6,15,0,,,89,72,80,0,,,,,,,,,,,,
10001,1944-6-16,T,,31.66666667,23.33333333,27.77777778,0,1,44,6,16,T,,,89,74,82,0,,,,,,,1,,,,,
10001,1944-6-17,146.304,,25.55555556,22.77777778,24.44444444,0,1,44,6,17,5.76,,,78,73,76,0,,,,,,,1,,,,,
10001,1944-6-18,14.732,,27.77777778,23.33333333,25.55555556,0,1,44,6,18,0.58,,,82,74,78,0,,,,,,,1,,,,,
10001,1944-6-19,0,,30,22.22222222,26.11111111,0,,44,6,19,0,,,86,72,79,0,,,,,,,,,,,,
10001,1944-6-20,3.81,,27.77777778,22.22222222,25,0,1,44,6,20,0.15,,,82,72,77,0,,,,,,,1,,,,,
10001,1944-6-21,0,,29.44444444,22.22222222,25.55555556,0,,44,6,21,0,,,85,72,78,0,,,,,,,,,,,,
10001,1944-6-22,5.842,,25.55555556,22.22222222,23.88888889,0,1,44,6,22,0.23,,,78,72,75,0,,,,,,,1,,,,,
10001,1944-6-23,0.254,,30,22.22222222,26.11111111,0,1,44,6,23,0.01,,,86,72,79,0,,,,,,,1,,,,,
10001,1944-6-24,0,,31.66666667,22.22222222,26.66666667,0,,44,6,24,0,,,89,72,80,0,,,,,,,,,,,,
10001,1944-6-25,T,,30,23.88888889,26.66666667,0,1,44,6,25,T,,,86,75,80,0,,,,,,,1,,,,,
10001,1944-6-26,0.508,,30,22.77777778,26.66666667,0,,44,6,26,0.02,,,86,73,80,0,,,,,,,,,,,,
10001,1944-6-27,5.334,,30.55555556,23.33333333,26.66666667,0,1,44,6,27,0.21,,,87,74,80,0,,,,,,,1,,,,,
10001,1944-6-28,21.844,,29.44444444,22.77777778,26.11111111,0,1,44,6,28,0.86,,,85,73,79,0,,,,,,,1,,,,,
10001,1944-6-29,17.78,,29.44444444,21.66666667,25.55555556,0,1,44,6,29,0.7,,,85,71,78,0,,,,,,,1,,,,,
10001,1944-6-30,0,,30,22.77777778,26.66666667,0,,44,6,30,0,,,86,73,80,0,,,,,,,,,,,,
10001,1944-7-1,26.67,,29.44444444,21.66666667,25.55555556,0,1,44,7,1,1.05,,,85,71,78,0,,,,,,,1,,,,,
10001,1944-7-2,1.016,,28.88888889,22.22222222,25.55555556,0,1,44,7,2,0.04,,,84,72,78,0,,,,,,,1,,,,,
10001,1944-7-3,120.904,,29.44444444,21.66666667,25.55555556,0,1,44,7,3,4.76,,,85,71,78,0,,,,,,,1,,,,,
10001,1944-7-4,T,,30,22.22222222,26.11111111,0,1,44,7,4,T,,,86,72,79,0,,,,,,,1,,,,,
10001,1944-7-5,T,,29.44444444,22.22222222,25.55555556,0,1,44,7,5,T,,,85,72,78,0,,,,,,,1,,,,,
10001,1944-7-6,T,,29.44444444,23.88888889,26.66666667,0,1,44,7,6,T,,,85,75,80,0,,,,,,,1,,,,,
10001,1944-7-7,T,,29.44444444,22.77777778,26.11111111,0,1,44,7,7,T,,,85,73,79,0,,,,,,,1,,,,,
10001,1944-7-8,0,,28.33333333,21.66666667,25,0,,44,7,8,0,,,83,71,77,0,,,,,,,,,,,,
10001,1944-7-9,T,,30,22.77777778,26.66666667,0,1,44,7,9,T,,,86,73,80,0,,,,,,,1,,,,,
10001,1944-7-10,42.164,,27.77777778,20,23.88888889,0,1,44,7,10,1.66,,,82,68,75,0,,,,,,,1,,,,,
10001,1944-7-11,0.508,,27.22222222,20,23.33333333,0,1,44,7,11,0.02,,,81,68,74,0,,,,,,,1,,,,,
10001,1944-7-12,T,,27.77777778,22.22222222,25,0,1,44,7,12,T,,,82,72,77,0,,,,,,,1,,,,,
10001,1944-7-13,0,,28.33333333,23.33333333,25.55555556,0,,44,7,13,0,,,83,74,78,0,,,,,,,,,,,,
10001,1944-7-14,T,,28.33333333,21.66666667,25,0,1,44,7,14,T,,,83,71,77,0,,,,,,,1,,,,,
10001,1944-7-15,0,,28.88888889,20.55555556,24.44444444,0,,44,7,15,0,,,84,69,76,0,,,,,,,,,,,,
10001,1944-7-16,0,,29.44444444,21.66666667,25.55555556,0,,44,7,16,0,,,85,71,78,0,,,,,,,,,,,,
10001,1944-7-17,0,,30,21.11111111,25.55555556,0,,44,7,17,0,,,86,70,78,0,,,,,,,,,,,,
10001,1944-7-18,T,,29.44444444,22.22222222,25.55555556,0,1,44,7,18,T,,,85,72,78,0,,,,,,,1,,,,,
10001,1944-7-19,0,,30,21.66666667,25.55555556,0,,44,7,19,0,,,86,71,78,0,,,,,,,,,,,,
10001,1944-7-20,0,,29.44444444,21.66666667,25.55555556,0,,44,7,20,0,,,85,71,78,0,,,,,,,,,,,,
10001,1944-7-21,0,,29.44444444,21.66666667,25.55555556,0,,44,7,21,0,,,85,71,78,0,,,,,,,,,,,,
10001,1944-7-22,0.508,,28.33333333,22.77777778,25.55555556,0,1,44,7,22,0.02,,,83,73,78,0,,,,,,,1,,,,,
10001,1944-7-23,0,,28.88888889,23.33333333,26.11111111,0,,44,7,23,0,,,84,74,79,0,,,,,,,,,,,,
10001,1944-7-24,T,,30,21.66666667,25.55555556,0,1,44,7,24,T,,,86,71,78,0,,,,,,,1,,,,,
10001,1944-7-25,0,,30.55555556,22.22222222,26.66666667,0,,44,7,25,0,,,87,72,80,0,,,,,,,,,,,,
10001,1944-7-26,T,,28.88888889,23.33333333,26.11111111,0,1,44,7,26,T,,,84,74,79,0,,,,,,,1,,,,,
10001,1944-7-27,0.254,,28.33333333,22.77777778,25.55555556,0,1,44,7,27,0.01,,,83,73,78,0,,,,,,,1,,,,,
10001,1944-7-28,T,,28.33333333,22.77777778,25.55555556,0,1,44,7,28,T,,,83,73,78,0,,,,,,,1,,,,,
10001,1944-7-29,T,,29.44444444,22.22222222,25.55555556,0,1,44,7,29,T,,,85,72,78,0,,,,,,,1,,,,,
10001,1944-7-30,T,,28.88888889,22.77777778,25.55555556,0,1,44,7,30,T,,,84,73,78,0,,,,,,,1,,,,,
10001,1944-7-31,6.35,,25,21.66666667,23.33333333,0,1,44,7,31,0.25,,,77,71,74,0,,,,,,,1,,,,,
10001,1944-8-1,T,,27.22222222,22.22222222,24.44444444,0,1,44,8,1,T,,,81,72,76,0,,,,,,,1,,,,,
10001,1944-8-2,0,,28.33333333,21.11111111,24.44444444,0,,44,8,2,0,,,83,70,76,0,,,,,,,,,,,,
10001,1944-8-3,0,,27.22222222,22.22222222,24.44444444,0,,44,8,3,0,,,81,72,76,0,,,,,,,,,,,,
10001,1944-8-4,0,,27.22222222,21.66666667,24.44444444,0,,44,8,4,0,,,81,71,76,0,,,,,,,,,,,,
10001,1944-8-5,T,,27.77777778,21.11111111,24.44444444,0,1,44,8,5,T,,,82,70,76,0,,,,,,,1,,,,,
10001,1944-8-6,0,,28.33333333,20.55555556,24.44444444,0,,44,8,6,0,,,83,69,76,0,,,,,,,,,,,,
10001,1944-8-7,0,,29.44444444,20.55555556,25,0,,44,8,7,0,,,85,69,77,0,,,,,,,,,,,,
10001,1944-8-8,0,,28.33333333,21.66666667,25,0,,44,8,8,0,,,83,71,77,0,,,,,,,,,,,,
10001,1944-8-9,0,,27.77777778,21.11111111,24.44444444,0,,44,8,9,0,,,82,70,76,0,,,,,,,,,,,,
10001,1944-8-10,T,,27.77777778,21.66666667,24.44444444,0,1,44,8,10,T,,,82,71,76,0,,,,,,,1,,,,,
10001,1944-8-11,0,,28.88888889,22.77777778,25.55555556,0,,44,8,11,0,,,84,73,78,0,,,,,,,,,,,,
10001,1944-8-12,T,,29.44444444,21.11111111,26.11111111,0,1,44,8,12,T,,,85,70,79,0,,,,,,,1,,,,,
10001,1944-8-13,T,,28.88888889,21.11111111,25,0,1,44,8,13,T,,,84,70,77,0,,,,,,,1,,,,,
10001,1944-8-14,2.794,,27.77777778,21.66666667,24.44444444,0,1,44,8,14,0.11,,,82,71,76,0,,,,,,,1,,,,,
10001,1944-8-15,T,,27.22222222,22.22222222,24.44444444,0,1,44,8,15,T,,,81,72,76,0,,,,,,,1,,,,,
10001,1944-8-16,T,,28.33333333,22.22222222,25.55555556,0,1,44,8,16,T,,,83,72,78,0,,,,,,,1,,,,,
10001,1944-8-17,T,,28.33333333,21.11111111,24.44444444,0,1,44,8,17,T,,,83,70,76,0,,,,,,,1,,,,,
10001,1944-8-18,T,,27.77777778,21.11111111,24.44444444,0,1,44,8,18,T,,,82,70,76,0,,,,,,,1,,,,,
10001,1944-8-19,T,,28.33333333,21.11111111,24.44444444,0,1,44,8,19,T,,,83,70,76,0,,,,,,,1,,,,,
10001,1944-8-20,T,,26.66666667,21.11111111,23.88888889,0,1,44,8,20,T,,,80,70,75,0,,,,,,,1,,,,,
10001,1944-8-21,1.778,,27.22222222,21.66666667,24.44444444,0,1,44,8,21,0.07,,,81,71,76,0,,,,,,,1,,,,,
10001,1944-8-22,0,,28.88888889,20.55555556,24.44444444,0,,44,8,22,0,,,84,69,76,0,,,,,,,,,,,,
10001,1944-8-23,0,,28.33333333,20,24.44444444,0,,44,8,23,0,,,83,68,76,0,,,,,,,,,,,,
10001,1944-8-24,0,,28.88888889,20.55555556,24.44444444,0,,44,8,24,0,,,84,69,76,0,,,,,,,,,,,,
10001,1944-8-25,0,,27.77777778,20,23.88888889,0,,44,8,25,0,,,82,68,75,0,,,,,,,,,,,,
10001,1944-8-26,0,,28.88888889,20.55555556,24.44444444,0,,44,8,26,0,,,84,69,76,0,,,,,,,,,,,,
10001,1944-8-27,T,,28.88888889,20,24.44444444,0,1,44,8,27,T,,,84,68,76,0,,,,,,,1,,,,,
10001,1944-8-28,T,,27.77777778,20.55555556,24.44444444,0,1,44,8,28,T,,,82,69,76,0,,,,,,,1,,,,,
10001,1944-8-29,T,,27.22222222,21.66666667,24.44444444,0,1,44,8,29,T,,,81,71,76,0,,,,,,,1,,,,,
10001,1944-8-30,T,,27.22222222,22.22222222,24.44444444,0,1,44,8,30,T,,,81,72,76,0,,,,,,,1,,,,,
10001,1944-8-31,0.508,,26.66666667,21.66666667,24.44444444,0,1,44,8,31,0.02,,,80,71,76,0,,,,,,,1,,,,,
10001,1944-9-1,0.254,,29.44444444,22.22222222,25.55555556,0,1,44,9,1,0.01,,,85,72,78,0,,,,,,,1,,,,,
10001,1944-9-2,T,,30,22.22222222,26.11111111,0,1,44,9,2,T,,,86,72,79,0,,,,,,,1,,,,,
10001,1944-9-3,0,,30.55555556,21.66666667,26.11111111,0,,44,9,3,0,,,87,71,79,0,,,,,,,,,,,,
10001,1944-9-4,0,,30.55555556,22.22222222,26.66666667,0,,44,9,4,0,,,87,72,80,0,,,,,,,,,,,,
10001,1944-9-5,T,,30,22.77777778,26.66666667,0,1,44,9,5,T,,,86,73,80,0,,,,,,,1,,,,,
10001,1944-9-6,T,,28.33333333,22.22222222,25.55555556,0,1,44,9,6,T,,,83,72,78,0,,,,,,,1,,,,,
10001,1944-9-7,1.778,,27.22222222,22.77777778,25,0,1,44,9,7,0.07,,,81,73,77,0,,,,,,,1,,,,,
10001,1944-9-8,0.762,,27.77777778,21.66666667,24.44444444,0,1,44,9,8,0.03,,,82,71,76,0,,,,,,,1,,,,,
10001,1944-9-9,23.368,,27.77777778,21.66666667,24.44444444,0,1,44,9,9,0.92,,,82,71,76,0,,,,,,,1,,,,,
10001,1944-9-10,1.016,,26.66666667,21.66666667,24.44444444,0,1,44,9,10,0.04,,,80,71,76,0,,,,,,,1,,,,,
10001,1944-9-11,0.254,,27.77777778,22.22222222,25,0,1,44,9,11,0.01,,,82,72,77,0,,,,,,,1,,,,,
10001,1944-9-12,0,,30,22.22222222,26.11111111,0,,44,9,12,0,,,86,72,79,0,,,,,,,,,,,,
10001,1944-9-13,T,,28.88888889,22.22222222,25.55555556,0,1,44,9,13,T,,,84,72,78,0,,,,,,,1,,,,,
10001,1944-9-14,0.762,,28.33333333,22.77777778,25.55555556,0,1,44,9,14,0.03,,,83,73,78,0,,,,,,,1,,,,,
10001,1944-9-15,1.016,,26.66666667,21.66666667,24.44444444,0,1,44,9,15,0.04,,,80,71,76,0,,,,,,,1,,,,,
10001,1944-9-16,0,,27.22222222,22.22222222,24.44444444,0,,44,9,16,0,,,81,72,76,0,,,,,,,,,,,,
10001,1944-9-17,0,,29.44444444,21.11111111,25.55555556,0,,44,9,17,0,,,85,70,78,0,,,,,,,,,,,,
10001,1944-9-18,0,,31.11111111,22.22222222,26.66666667,0,,44,9,18,0,,,88,72,80,0,,,,,,,,,,,,
10001,1944-9-19,T,,29.44444444,23.33333333,26.66666667,0,1,44,9,19,T,,,85,74,80,0,,,,,,,1,,,,,
10001,1944-9-20,0,,29.44444444,22.77777778,26.11111111,0,,44,9,20,0,,,85,73,79,0,,,,,,,,,,,,
10001,1944-9-21,0,,30,22.22222222,26.11111111,0,,44,9,21,0,,,86,72,79,0,,,,,,,,,,,,
10001,1944-9-22,T,,31.11111111,22.22222222,26.66666667,0,1,44,9,22,T,,,88,72,80,0,,,,,,,1,,,,,
10001,1944-9-23,T,,29.44444444,22.22222222,25.55555556,0,1,44,9,23,T,,,85,72,78,0,,,,,,,1,,,,,
10001,1944-9-24,0,,30,22.22222222,26.11111111,0,,44,9,24,0,,,86,72,79,0,,,,,,,,,,,,
10001,1944-9-25,0,,30.55555556,21.66666667,26.11111111,0,,44,9,25,0,,,87,71,79,0,,,,,,,,,,,,
10001,1944-9-26,0,,30.55555556,23.33333333,26.66666667,0,,44,9,26,0,,,87,74,80,0,,,,,,,,,,,,
10001,1944-9-27,T,,29.44444444,22.22222222,25.55555556,0,1,44,9,27,T,,,85,72,78,0,,,,,,,1,,,,,
10001,1944-9-28,T,,29.44444444,23.33333333,26.66666667,0,1,44,9,28,T,,,85,74,80,0,,,,,,,1,,,,,
10001,1944-9-29,0,,30.55555556,22.22222222,26.66666667,0,,44,9,29,0,,,87,72,80,0,,,,,,,,,,,,
10001,1944-9-30,0,,30,22.77777778,26.66666667,0,,44,9,30,0,,,86,73,80,0,,,,,,,,,,,,
10001,1944-10-1,T,,28.88888889,22.77777778,25.55555556,0,1,44,10,1,T,,,84,73,78,0,,,,,,,1,,,,,
10001,1944-10-2,T,,28.88888889,22.22222222,25.55555556,0,1,44,10,2,T,,,84,72,78,0,,,,,,,1,,,,,
10001,1944-10-3,0,,30.55555556,23.33333333,26.66666667,0,,44,10,3,0,,,87,74,80,0,,,,,,,,,,,,
10001,1944-10-4,0,,31.11111111,22.77777778,26.66666667,0,,44,10,4,0,,,88,73,80,0,,,,,,,,,,,,
10001,1944-10-5,0,,31.11111111,22.22222222,26.66666667,0,,44,10,5,0,,,88,72,80,0,,,,,,,,,,,,
10001,1944-10-6,0,,31.66666667,21.66666667,26.66666667,0,,44,10,6,0,,,89,71,80,0,,,,,,,,,,,,
10001,1944-10-7,0,,30,22.22222222,26.11111111,0,,44,10,7,0,,,86,72,79,0,,,,,,,,,,,,
10001,1944-10-8,0,,30.55555556,23.88888889,27.22222222,0,,44,10,8,0,,,87,75,81,0,,,,,,,,,,,,
10001,1944-10-9,0,,31.66666667,22.22222222,26.66666667,0,,44,10,9,0,,,89,72,80,0,,,,,,,,,,,,
10001,1944-10-10,T,,32.22222222,22.77777778,27.77777778,0,1,44,10,10,T,,,90,73,82,0,,,,,,,1,,,,,
10001,1944-10-11,0.508,,31.66666667,23.33333333,27.77777778,0,1,44,10,11,0.02,,,89,74,82,0,,,,,,,1,,,,,
10001,1944-10-12,0,,32.22222222,22.22222222,27.22222222,0,1,44,10,12,0,,,90,72,81,0,,,,,,,1,,,,,
10001,1944-10-13,T,,32.77777778,22.22222222,27.77777778,0,,44,10,13,T,,,91,72,82,0,,,,,,,,,,,,
10001,1944-10-14,T,,32.22222222,23.33333333,27.77777778,0,1,44,10,14,T,,,90,74,82,0,,,,,,,1,,,,,
10001,1944-10-15,T,,31.11111111,22.77777778,26.66666667,0,1,44,10,15,T,,,88,73,80,0,,,,,,,1,,,,,
10001,1944-10-16,T,,31.66666667,22.77777778,27.22222222,0,1,44,10,16,T,,,89,73,81,0,,,,,,,1,,,,,
10001,1944-10-17,0,,32.22222222,22.77777778,27.77777778,0,,44,10,17,0,,,90,73,82,0,,,,,,,,,,,,
10001,1944-10-18,0,,32.22222222,23.33333333,27.77777778,0,,44,10,18,0,,,90,74,82,0,,,,,,,,,,,,
10001,1944-10-19,T,,32.22222222,23.33333333,27.77777778,0,1,44,10,19,T,,,90,74,82,0,,,,,,,1,,,,,
10001,1944-10-20,4.064,,31.11111111,22.77777778,26.66666667,0,1,44,10,20,0.16,,,88,73,80,0,,,,,,,1,,,,,
10001,1944-10-21,0,,32.22222222,23.33333333,27.77777778,0,,44,10,21,0,,,90,74,82,0,,,,,,,,,,,,
10001,1944-10-22,21.082,,31.66666667,21.66666667,26.66666667,0,1,44,10,22,0.83,,,89,71,80,0,,,,,,,1,,,,,
10001,1944-10-23,0.254,,31.11111111,22.77777778,26.66666667,0,1,44,10,23,0.01,,,88,73,80,0,,,,,,,1,,,,,
10001,1944-10-24,44.958,,28.88888889,21.66666667,25.55555556,0,1,44,10,24,1.77,,,84,71,78,0,,,,,,,1,,,,,
10001,1944-10-25,T,,31.11111111,23.33333333,27.22222222,0,1,44,10,25,T,,,88,74,81,0,,,,,,,1,,,,,
10001,1944-10-26,0,,31.66666667,23.33333333,27.77777778,0,,44,10,26,0,,,89,74,82,0,,,,,,,,,,,,
10001,1944-10-27,0,,31.66666667,23.33333333,27.77777778,0,,44,10,27,0,,,89,74,82,0,,,,,,,,,,,,
10001,1944-10-28,0,,32.22222222,23.33333333,27.77777778,0,,44,10,28,0,,,90,74,82,0,,,,,,,,,,,,
10001,1944-10-29,0,,32.22222222,23.88888889,27.77777778,0,,44,10,29,0,,,90,75,82,0,,,,,,,,,,,,
10001,1944-10-30,0,,33.33333333,23.33333333,28.33333333,0,,44,10,30,0,,,92,74,83,0,,,,,,,,,,,,
10001,1944-10-31,17.78,,31.11111111,20.55555556,25.55555556,0,1,44,10,31,0.7,,,88,69,78,0,,,,,,,1,,,,,
10001,1944-11-1,0,,32.77777778,22.22222222,27.77777778,0,,44,11,1,0,,,91,72,82,0,,,,,,,,,,,,
10001,1944-11-2,0,,32.22222222,23.33333333,27.77777778,0,,44,11,2,0,,,90,74,82,0,,,,,,,,,,,,
10001,1944-11-3,0,,32.22222222,23.88888889,27.77777778,0,,44,11,3,0,,,90,75,82,0,,,,,,,,,,,,
10001,1944-11-4,0,,32.77777778,23.88888889,28.33333333,0,,44,11,4,0,,,91,75,83,0,,,,,,,,,,,,
10001,1944-11-5,T,,33.33333333,22.77777778,27.77777778,0,1,44,11,5,T,,,92,73,82,0,,,,,,,1,,,,,
10001,1944-11-6,2.286,,32.22222222,22.22222222,27.22222222,0,1,44,11,6,0.09,,,90,72,81,0,,,,,,,1,,,,,
10001,1944-11-7,0,,31.66666667,23.33333333,27.77777778,0,,44,11,7,0,,,89,74,82,0,,,,,,,,,,,,
10001,1944-11-8,0,,32.77777778,23.33333333,27.77777778,0,,44,11,8,0,,,91,74,82,0,,,,,,,,,,,,
10001,1944-11-9,0,,32.77777778,23.88888889,28.33333333,0,,44,11,9,0,,,91,75,83,0,,,,,,,,,,,,
10001,1944-11-10,0,,32.77777778,23.88888889,28.33333333,0,,44,11,10,0,,,91,75,83,0,,,,,,,,,,,,
10001,1944-11-11,0,,32.22222222,22.77777778,27.77777778,0,,44,11,11,0,,,90,73,82,0,,,,,,,,,,,,
10001,1944-11-12,0,,32.22222222,23.33333333,27.77777778,0,,44,11,12,0,,,90,74,82,0,,,,,,,,,,,,
10001,1944-11-13,0,,33.33333333,23.33333333,28.33333333,0,,44,11,13,0,,,92,74,83,0,,,,,,,,,,,,
10001,1944-11-14,0,,33.88888889,23.88888889,28.88888889,0,,44,11,14,0,,,93,75,84,0,,,,,,,,,,,,
10001,1944-11-15,0,,32.77777778,24.44444444,28.88888889,0,,44,11,15,0,,,91,76,84,0,,,,,,,,,,,,
10001,1944-11-16,0,,32.77777778,23.88888889,28.33333333,0,,44,11,16,0,,,91,75,83,0,,,,,,,,,,,,
10001,1944-11-17,0,,33.33333333,23.88888889,28.88888889,0,,44,11,17,0,,,92,75,84,0,,,,,,,,,,,,
10001,1944-11-18,0,,32.77777778,23.33333333,27.77777778,0,,44,11,18,0,,,91,74,82,0,,,,,,,,,,,,
10001,1944-11-19,0,,32.77777778,23.88888889,28.33333333,0,,44,11,19,0,,,91,75,83,0,,,,,,,,,,,,
10001,1944-11-20,0,,32.77777778,23.33333333,27.77777778,0,,44,11,20,0,,,91,74,82,0,,,,,,,,,,,,
10001,1944-11-21,2.286,,32.22222222,23.33333333,27.77777778,0,1,44,11,21,0.09,,,90,74,82,0,,,,,,,1,,,,,
10001,1944-11-22,T,,32.22222222,22.22222222,27.22222222,0,1,44,11,22,T,,,90,72,81,0,,,,,,,1,,,,,
10001,1944-11-23,T,,32.77777778,23.88888889,28.33333333,0,1,44,11,23,T,,,91,75,83,0,,,,,,,1,,,,,
10001,1944-11-24,0,,32.77777778,23.33333333,27.77777778,0,,44,11,24,0,,,91,74,82,0,,,,,,,,,,,,
10001,1944-11-25,0,,32.77777778,23.33333333,27.77777778,0,,44,11,25,0,,,91,74,82,0,,,,,,,,,,,,
10001,1944-11-26,0,,33.33333333,23.33333333,28.33333333,0,,44,11,26,0,,,92,74,83,0,,,,,,,,,,,,
10001,1944-11-27,0,,32.77777778,23.33333333,27.77777778,0,,44,11,27,0,,,91,74,82,0,,,,,,,,,,,,
10001,1944-11-28,0,,32.77777778,23.88888889,28.33333333,0,,44,11,28,0,,,91,75,83,0,,,,,,,,,,,,
10001,1944-11-29,0,,33.33333333,23.33333333,28.33333333,0,,44,11,29,0,,,92,74,83,0,,,,,,,,,,,,
10001,1944-11-30,1.27,,32.22222222,23.33333333,27.77777778,0,1,44,11,30,0.05,,,90,74,82,0,,,,,,,1,,,,,
10001,1944-12-1,0,,32.77777778,23.33333333,27.77777778,0,,44,12,1,0,,,91,74,82,0,,,,,,,,,,,,
10001,1944-12-2,T,,32.22222222,22.22222222,27.22222222,0,1,44,12,2,T,,,90,72,81,0,,,,,,,1,,,,,
10001,1944-12-3,0,,32.77777778,23.33333333,27.77777778,0,,44,12,3,0,,,91,74,82,0,,,,,,,,,,,,
10001,1944-12-4,0,,32.77777778,23.88888889,28.33333333,0,,44,12,4,0,,,91,75,83,0,,,,,,,,,,,,
10001,1944-12-5,0,,32.77777778,23.33333333,27.77777778,0,,44,12,5,0,,,91,74,82,0,,,,,,,,,,,,
10001,1944-12-6,0,,33.88888889,23.33333333,28.88888889,0,,44,12,6,0,,,93,74,84,0,,,,,,,,,,,,
10001,1944-12-7,0,,33.33333333,23.88888889,28.88888889,0,,44,12,7,0,,,92,75,84,0,,,,,,,,,,,,
10001,1944-12-8,0,,33.33333333,23.88888889,28.88888889,0,,44,12,8,0,,,92,75,84,0,,,,,,,,,,,,
10001,1944-12-9,0,,33.33333333,24.44444444,28.88888889,0,,44,12,9,0,,,92,76,84,0,,,,,,,,,,,,
10001,1944-12-10,0,,33.33333333,23.88888889,28.88888889,0,,44,12,10,0,,,92,75,84,0,,,,,,,,,,,,
10001,1944-12-11,0,,33.88888889,24.44444444,28.88888889,0,,44,12,11,0,,,93,76,84,0,,,,,,,,,,,,
10001,1944-12-12,0,,33.33333333,24.44444444,28.88888889,0,,44,12,12,0,,,92,76,84,0,,,,,,,,,,,,
10001,1944-12-13,0,,33.33333333,24.44444444,28.88888889,0,,44,12,13,0,,,92,76,84,0,,,,,,,,,,,,
10001,1944-12-14,0,,32.77777778,24.44444444,28.88888889,0,,44,12,14,0,,,91,76,84,0,,,,,,,,,,,,
10001,1944-12-15,0,,33.33333333,24.44444444,28.88888889,0,,44,12,15,0,,,92,76,84,0,,,,,,,,,,,,
10001,1944-12-16,0,,32.77777778,24.44444444,28.88888889,0,,44,12,16,0,,,91,76,84,0,,,,,,,,,,,,
10001,1944-12-17,0,,33.33333333,24.44444444,28.88888889,0,,44,12,17,0,,,92,76,84,0,,,,,,,,,,,,
10001,1944-12-18,0,,31.11111111,23.33333333,27.22222222,0,,44,12,18,,,,88,74,81,0,,,,,,,,,,,,
10001,1944-12-19,0,,35,22.77777778,28.88888889,0,,44,12,19,0,,,95,73,84,0,,,,,,,,,,,,
10001,1944-12-20,0,,32.22222222,21.66666667,26.66666667,0,,44,12,20,0,,,90,71,80,0,,,,,,,,,,,,
10001,1944-12-21,0,,32.77777778,22.77777778,27.77777778,0,,44,12,21,0,,,91,73,82,0,,,,,,,,,,,,
10001,1944-12-22,0,,32.77777778,24.44444444,28.88888889,0,,44,12,22,0,,,91,76,84,0,,,,,,,,,,,,
10001,1944-12-23,0,,33.33333333,24.44444444,28.88888889,0,,44,12,23,0,,,92,76,84,0,,,,,,,,,,,,
10001,1944-12-24,0,,33.88888889,24.44444444,28.88888889,0,,44,12,24,0,,,93,76,84,0,,,,,,,,,,,,
10001,1944-12-25,0,,32.77777778,24.44444444,28.88888889,0,,44,12,25,0,,,91,76,84,0,,,,,,,,,,,,
10001,1944-12-26,0,,33.33333333,24.44444444,28.88888889,0,,44,12,26,0,,,92,76,84,0,,,,,,,,,,,,
10001,1944-12-27,0,,32.77777778,24.44444444,28.88888889,0,,44,12,27,0,,,91,76,84,0,,,,,,,,,,,,
10001,1944-12-28,0,,32.77777778,24.44444444,28.88888889,0,,44,12,28,0,,,91,76,84,0,,,,,,,,,,,,
10001,1944-12-29,0,,32.77777778,25,28.88888889,0,,44,12,29,0,,,91,77,84,0,,,,,,,,,,,,
10001,1944-12-30,2.54,,31.66666667,24.44444444,27.77777778,0,1,44,12,30,0.1,,,89,76,82,0,,,,,,,1,,,,,
10001,1944-12-31,0,,32.22222222,23.33333333,27.77777778,0,,44,12,31,0,,,90,74,82,0,,,,,,,,,,,,
10001,1945-1-1,0,,32.77777778,23.33333333,27.77777778,0,,45,1,1,0,,,91,74,82,0,,,,,,,,,,,,
10001,1945-1-2,0,,33.88888889,23.33333333,28.88888889,0,,45,1,2,0,,,93,74,84,0,,,,,,,,,,,,
10001,1945-1-3,0,,33.33333333,24.44444444,28.88888889,0,,45,1,3,0,,,92,76,84,0,,,,,,,,,,,,
10001,1945-1-4,0,,33.33333333,24.44444444,28.88888889,0,,45,1,4,0,,,92,76,84,0,,,,,,,,,,,,
10001,1945-1-5,0,,32.22222222,22.22222222,27.22222222,0,,45,1,5,0,,,90,72,81,0,,,,,,,,,,,,
10001,1945-1-6,0,,32.22222222,23.33333333,27.77777778,0,,45,1,6,0,,,90,74,82,0,,,,,,,,,,,,
10001,1945-1-7,0,,33.33333333,25,28.88888889,0,,45,1,7,0,,,92,77,84,0,,,,,,,,,,,,
10001,1945-1-8,0,,32.22222222,23.88888889,27.77777778,0,,45,1,8,0,,,90,75,82,0,,,,,,,,,,,,
10001,1945-1-9,0,,33.33333333,22.77777778,27.77777778,0,,45,1,9,0,,,92,73,82,0,,,,,,,,,,,,
10001,1945-1-10,0,,33.88888889,22.22222222,27.77777778,0,,45,1,10,0,,,93,72,82,0,,,,,,,,,,,,
10001,1945-1-11,0,,32.22222222,22.22222222,27.22222222,0,,45,1,11,0,,,90,72,81,0,,,,,,,,,,,,
10001,1945-1-12,0,,33.88888889,23.33333333,28.88888889,0,,45,1,12,0,,,93,74,84,0,,,,,,,,,,,,
10001,1945-1-13,0,,32.77777778,23.33333333,27.77777778,0,,45,1,13,0,,,91,74,82,0,,,,,,,,,,,,
10001,1945-1-14,0,,30,23.33333333,26.66666667,0,,45,1,14,0,,,86,74,80,0,,,,,,,,,,,,
10001,1945-1-15,0,,32.77777778,22.77777778,27.77777778,0,,45,1,15,0,,,91,73,82,0,,,,,,,,,,,,
10001,1945-1-16,0,,32.77777778,24.44444444,28.33333333,0,,45,1,16,0,,,91,76,83,0,,,,,,,,,,,,
10001,1945-1-17,9.144,,31.11111111,22.77777778,26.66666667,0,,45,1,17,0.36,,,88,73,80,0,,,,,,,,,,,,
10001,1945-1-18,0,,31.66666667,22.22222222,26.66666667,0,1,45,1,18,0,,,89,72,80,0,,,,,,,1,,,,,
10001,1945-1-19,0,,32.77777778,25,28.88888889,0,,45,1,19,0,,,91,77,84,0,,,,,,,,,,,,
10001,1945-1-20,0,,32.22222222,25,28.88888889,0,,45,1,20,0,,,90,77,84,0,,,,,,,,,,,,
10001,1945-1-21,0,,32.22222222,25.55555556,28.88888889,0,,45,1,21,0,,,90,78,84,0,,,,,,,,,,,,
10001,1945-1-22,0,,32.22222222,24.44444444,28.33333333,0,,45,1,22,0,,,90,76,83,0,,,,,,,,,,,,
10001,1945-1-23,4.826,,33.33333333,20,26.66666667,0,1,45,1,23,0.19,,,92,68,80,0,,,,,,,1,,,,,
10001,1945-1-24,0,,32.22222222,23.33333333,27.77777778,0,,45,1,24,0,,,90,74,82,0,,,,,,,,,,,,
10001,1945-1-25,0,,32.77777778,23.88888889,28.33333333,0,,45,1,25,0,,,91,75,83,0,,,,,,,,,,,,
10001,1945-1-26,0,,31.66666667,23.33333333,27.77777778,0,,45,1,26,0,,,89,74,82,0,,,,,,,,,,,,
10001,1945-1-27,0,,32.22222222,24.44444444,28.33333333,0,,45,1,27,0,,,90,76,83,0,,,,,,,,,,,,
10001,1945-1-28,0,,31.66666667,24.44444444,27.77777778,0,,45,1,28,0,,,89,76,82,0,,,,,,,,,,,,
10001,1945-1-29,0,,32.77777778,23.88888889,28.33333333,0,,45,1,29,0,,,91,75,83,0,,,,,,,,,,,,
10001,1945-1-30,0,,32.22222222,23.33333333,27.77777778,0,,45,1,30,0,,,90,74,82,0,,,,,,,,,,,,
10001,1945-1-31,0,,32.77777778,24.44444444,28.88888889,0,,45,1,31,0,,,91,76,84,0,,,,,,,,,,,,
10001,1945-2-1,0,,31.66666667,25,28.33333333,0,,45,2,1,0,,,89,77,83,0,,,,,,,,,,,,
10001,1945-2-2,0,,32.22222222,25.55555556,28.88888889,0,,45,2,2,0,,,90,78,84,0,,,,,,,,,,,,
10001,1945-2-3,0,,33.33333333,24.44444444,28.88888889,0,,45,2,3,0,,,92,76,84,0,,,,,,,,,,,,
10001,1945-2-4,0,,33.88888889,24.44444444,29.44444444,0,,45,2,4,0,,,93,76,85,0,,,,,,,,,,,,
10001,1945-2-5,0,,32.22222222,24.44444444,28.33333333,0,,45,2,5,0,,,90,76,83,0,,,,,,,,,,,,
10001,1945-2-6,0,,32.77777778,23.33333333,28.33333333,0,,45,2,6,0,,,91,74,83,0,,,,,,,,,,,,
10001,1945-2-7,0,,34.44444444,22.22222222,28.33333333,0,,45,2,7,0,,,94,72,83,0,,,,,,,,,,,,
10001,1945-2-8,0,,32.22222222,22.77777778,27.77777778,0,,45,2,8,0,,,90,73,82,0,,,,,,,,,,,,
10001,1945-2-9,0,,33.33333333,21.66666667,27.77777778,0,,45,2,9,0,,,92,71,82,0,,,,,,,,,,,,
10001,1945-2-10,0,,32.77777778,22.77777778,27.77777778,0,,45,2,10,0,,,91,73,82,0,,,,,,,,,,,,
10001,1945-2-11,0,,33.33333333,24.44444444,28.88888889,0,,45,2,11,0,,,92,76,84,0,,,,,,,,,,,,
10001,1945-2-12,0,,33.88888889,25,29.44444444,0,,45,2,12,0,,,93,77,85,0,,,,,,,,,,,,
10001,1945-2-13,0,,32.77777778,25,28.88888889,0,,45,2,13,0,,,91,77,84,0,,,,,,,,,,,,
10001,1945-2-14,0,,33.88888889,25,29.44444444,0,,45,2,14,0,,,93,77,85,0,,,,,,,,,,,,
10001,1945-2-15,0,,33.88888889,25.55555556,30,0,,45,2,15,0,,,93,78,86,0,,,,,,,,,,,,
10001,1945-2-16,0,,33.88888889,25,29.44444444,0,,45,2,16,0,,,93,77,85,0,,,,,,,,,,,,
10001,1945-2-17,0,,33.88888889,25.55555556,30,0,,45,2,17,0,,,93,78,86,0,,,,,,,,,,,,
10001,1945-2-18,0,,33.33333333,25,28.88888889,0,,45,2,18,0,,,92,77,84,0,,,,,,,,,,,,
10001,1945-2-19,0,,33.33333333,25.55555556,29.44444444,0,,45,2,19,0,,,92,78,85,0,,,,,,,,,,,,
10001,1945-2-20,0,,32.22222222,26.11111111,28.88888889,0,,45,2,20,0,,,90,79,84,0,,,,,,,,,,,,
10001,1945-2-21,0,,33.88888889,25,29.44444444,0,,45,2,21,0,,,93,77,85,0,,,,,,,,,,,,
10001,1945-2-22,T,,33.33333333,25.55555556,29.44444444,0,1,45,2,22,T,,,92,78,85,0,,,,,,,1,,,,,
10001,1945-2-23,T,,32.22222222,24.44444444,28.33333333,0,1,45,2,23,T,,,90,76,83,0,,,,,,,1,,,,,
10001,1945-2-24,0,,33.88888889,23.33333333,28.88888889,0,,45,2,24,0,,,93,74,84,0,,,,,,,,,,,,
10001,1945-2-25,0,,33.33333333,25,28.88888889,0,,45,2,25,0,,,92,77,84,0,,,,,,,,,,,,
10001,1945-2-26,0,,33.33333333,25.55555556,29.44444444,0,,45,2,26,0,,,92,78,85,0,,,,,,,,,,,,
10001,1945-2-27,T,,32.22222222,26.11111111,28.88888889,0,1,45,2,27,T,,,90,79,84,0,,,,,,,1,,,,,
10001,1945-2-28,25.654,,32.22222222,24.44444444,28.33333333,0,1,45,2,28,1.01,,,90,76,83,0,,,,,,,1,,,,,
10001,1945-3-1,0,,32.22222222,23.88888889,27.77777778,0,,45,3,1,0,,,90,75,82,0,,,,,,,,,,,,
10001,1945-3-2,0,,32.77777778,23.88888889,28.33333333,0,,45,3,2,0,,,91,75,83,0,,,,,,,,,,,,
10001,1945-3-3,0.254,,33.33333333,22.22222222,27.77777778,0,,45,3,3,0.01,,,92,72,82,0,,,,,,,,,,,,
10001,1945-3-4,0,,33.33333333,24.44444444,28.88888889,0,1,45,3,4,0,,,92,76,84,0,,,,,,,1,,,,,
10001,1945-3-5,0,,29.44444444,22.77777778,26.11111111,0,,45,3,5,0,,,85,73,79,0,,,,,,,,,,,,
10001,1945-3-6,0,,32.77777778,23.33333333,27.77777778,0,,45,3,6,0,,,91,74,82,0,,,,,,,,,,,,
10001,1945-3-7,T,,33.33333333,23.88888889,28.88888889,0,1,45,3,7,T,,,92,75,84,0,,,,,,,1,,,,,
10001,1945-3-8,0,,32.77777778,23.88888889,28.33333333,0,,45,3,8,0,,,91,75,83,0,,,,,,,,,,,,
10001,1945-3-9,50.038,,32.77777778,20,26.66666667,0,1,45,3,9,1.97,,,91,68,80,0,,,,,,,1,,,,,
10001,1945-3-10,0,,31.66666667,21.66666667,26.66666667,0,1,45,3,10,0,,,89,71,80,0,,,,,,,1,,,,,
10001,1945-3-11,17.526,,32.22222222,23.33333333,27.77777778,0,1,45,3,11,0.69,,,90,74,82,0,,,,,,,1,,,,,
10001,1945-3-12,0,,32.77777778,24.44444444,28.88888889,0,,45,3,12,0,,,91,76,84,0,,,,,,,,,,,,
10001,1945-3-13,0,,33.33333333,25.55555556,29.44444444,0,,45,3,13,0,,,92,78,85,0,,,,,,,,,,,,
10001,1945-3-14,0,,33.33333333,25,28.88888889,0,,45,3,14,0,,,92,77,84,0,,,,,,,,,,,,
10001,1945-3-15,0,,33.33333333,25.55555556,29.44444444,0,,45,3,15,0,,,92,78,85,0,,,,,,,,,,,,
10001,1945-3-16,51.054,,31.11111111,20.55555556,25.55555556,0,1,45,3,16,2.01,,,88,69,78,0,,,,,,,1,,,,,
10001,1945-3-17,0,,31.66666667,22.77777778,27.22222222,0,,45,3,17,0,,,89,73,81,0,,,,,,,,,,,,
10001,1945-3-18,0,,32.77777778,25,28.88888889,0,,45,3,18,0,,,91,77,84,0,,,,,,,,,,,,
10001,1945-3-19,0,,33.33333333,25.55555556,29.44444444,0,,45,3,19,0,,,92,78,85,0,,,,,,,,,,,,
10001,1945-3-20,0,,32.22222222,21.11111111,26.66666667,0,,45,3,20,0,,,90,70,80,0,,,,,,,,,,,,
10001,1945-3-21,0,,32.22222222,25,28.88888889,0,,45,3,21,0,,,90,77,84,0,,,,,,,,,,,,
10001,1945-3-22,0,,33.33333333,26.11111111,30,0,,45,3,22,0,,,92,79,86,0,,,,,,,,,,,,
10001,1945-3-23,3.048,,33.88888889,22.22222222,27.77777778,0,,45,3,23,0.12,,,93,72,82,0,,,,,,,,,,,,
10001,1945-3-24,0,,33.33333333,22.77777778,27.77777778,0,1,45,3,24,0,,,92,73,82,0,,,,,,,1,,,,,
10001,1945-3-25,0,,34.44444444,24.44444444,29.44444444,0,,45,3,25,0,,,94,76,85,0,,,,,,,,,,,,
10001,1945-3-26,0,,34.44444444,25,30,0,,45,3,26,0,,,94,77,86,0,,,,,,,,,,,,
10001,1945-3-27,0,,33.33333333,25.55555556,29.44444444,0,,45,3,27,0,,,92,78,85,0,,,,,,,,,,,,
